"benchmark_id","subject","edition","grade","source_id","source_url","workbook_sheet","workbook_row","lesson_path","student_task","assessment_evidence","alignment_scope","status","verified_date"
"E1-ALG-IM-03","Computer science","2026","1","NAT-01","https://csteachers.org/pk12standards/view/","CSTA 2026 public viewer","350296","Lessons/Grades_1-2_YearA/Week02-03_Sphero_Coding.md","Compare the original forward-wait-return algorithm with a shortened roll step and explain how the changed instruction changes the outcome","Individual original and revised action record plus two compared outcomes and the oral explanation of what changed and why during meeting 2","Grade 1 algorithm-change explanation only; writing computer code is not required; an actual explained comparison on the selected robot or literal tabletop-card route is needed; ordering cards alone does not suffice; paper reasoning does not prove robot operation; no Minnesota adoption or full-CS-subject claim","SOURCE VERIFIED - NATIONAL FRAMEWORK SCHOOL REVIEW REQUIRED","2026-10-04"
"5.1.2.3.1","Visual arts","2018","1","MN-05","https://perpich.mn.gov/wp-content/uploads/2020/11/Minnesota-2018-K-12-Academic-Standards-in-the-Arts.xlsx","MN2018ArtsEdStandardsVisualArts","22","Lessons/Grades_1-2_YearA/Week12_Making_Gifts.md","Plan and use a purposeful symbol on an original flat bookmark for a reader","Individual child identifies the symbol and explains its purposeful picture choice while showing the bookmark","Grade 1 symbol identification and use in own art; page marking or copied decoration alone insufficient","SOURCE VERIFIED - SCHOOL AND MDE-COPY REVIEW REQUIRED","2026-10-04"
"5.2.2.4.1","Visual arts","2018","2","MN-05","https://perpich.mn.gov/wp-content/uploads/2020/11/Minnesota-2018-K-12-Academic-Standards-in-the-Arts.xlsx","MN2018ArtsEdStandardsVisualArts","37","Lessons/Bi-Weekly/Grades_1-2_YearB/Session08_Digital_Art.md","Create a welcoming image then add and Undo a trial detail and choose a purposeful alternative after reader feedback","Individual Grade 2 explanation of intended message and drawing tool input/output plus a justified artistic revision and before/after record","Choices at drawing and revision steps in the observed individual digital route; feature counts or a partner operating alone insufficient","SOURCE VERIFIED - SCHOOL AND MDE-COPY REVIEW REQUIRED","2026-10-04"
"5.3.2.3.1","Visual arts","2018","3","MN-05","https://perpich.mn.gov/wp-content/uploads/2020/11/Minnesota-2018-K-12-Academic-Standards-in-the-Arts.xlsx","MN2018ArtsEdStandardsVisualArts","48","Lessons/Grades_3-4_YearB/Week07-09_Architectural_Marvels.md","Create original front side and plan views of a gathering place using modeled line shape and purposeful form in Meeting 1 steps 2-5","Individual three labeled views and explanation of a purposeful window or form choice in Meeting 1 step 5 and Meeting 3 steps 4-5","Everyday gathering-place visual representation using artistic foundations; copied reference or mechanical stability test alone insufficient","SOURCE VERIFIED - SCHOOL AND MDE-COPY REVIEW REQUIRED","2026-10-04"
"5.3.2.4.1","Visual arts","2018","3","MN-05","https://perpich.mn.gov/wp-content/uploads/2020/11/Minnesota-2018-K-12-Academic-Standards-in-the-Arts.xlsx","MN2018ArtsEdStandardsVisualArts","50","Lessons/Bi-Weekly/Grades_3-4_YearB/Session13_Easter_Creation.md","Discuss reader feedback about the child's panel composition symbol form and word-shape placement in Meeting 1 steps 3-5","Individual explanation of intended visual choice actual reader comment and its relationship to the panel revision in step 5","Specific feedback about child-created visual art; message recognition score alone or private faith feeling insufficient","SOURCE VERIFIED - SCHOOL AND MDE-COPY REVIEW REQUIRED","2026-10-04"
"5.3.2.4.1","Visual arts","2018","3","MN-05","https://perpich.mn.gov/wp-content/uploads/2020/11/Minnesota-2018-K-12-Academic-Standards-in-the-Arts.xlsx","MN2018ArtsEdStandardsVisualArts","50","Lessons/Grades_3-4_YearA/Week07-09_Community_Helpers.md","Discuss peer comments about symbol form lettering and visual placement in the visitor sign during Meeting 2 steps 4-5 and Meeting 3 steps 2-5","Individual actual peer comment and explanation of how the comment relates to the child's purposeful visual feature and before-after sign record","Feedback must concern an artistic choice in the child's contribution; generic compliment or structural performance discussion insufficient","SOURCE VERIFIED - SCHOOL AND MDE-COPY REVIEW REQUIRED","2026-10-04"
"5.4.2.4.1","Visual arts","2018","4","MN-05","https://perpich.mn.gov/wp-content/uploads/2020/11/Minnesota-2018-K-12-Academic-Standards-in-the-Arts.xlsx","MN2018ArtsEdStandardsVisualArts","63","Lessons/Bi-Weekly/Grades_3-4_YearB/Session13_Easter_Creation.md","Revise an in-process panel's word-shape placement or visual emphasis after peer discussion in Meeting 1 steps 3-4","Child-attributable before-after artwork and step 5 explanation connecting an actual peer comment to the artistic revision","Actual revision of the child's contribution after discussion required; observing a teammate or merely planning a future revision insufficient","SOURCE VERIFIED - SCHOOL AND MDE-COPY REVIEW REQUIRED","2026-10-04"
"5.5.2.3.1","Visual arts","2018","5","MN-05","https://perpich.mn.gov/wp-content/uploads/2020/11/Minnesota-2018-K-12-Academic-Standards-in-the-Arts.xlsx","MN2018ArtsEdStandardsVisualArts","74","Lessons/Grades_5-6_YearA/Week12_Giving_Making.md","Sketch two welcome-card compositions and redesign the card using an original image and title-body hierarchy or contrast","Individual original and revised layouts plus two reader checks and a before-after visual-choice reason","Paper art-object redesign using artistic foundations; readability counts or recipient consent alone are insufficient","SOURCE VERIFIED - SCHOOL AND MDE-COPY REVIEW REQUIRED","2026-10-04"
"MS-ALG-PS-03","Computer science","2026","6","NAT-01","https://csteachers.org/pk12standards/view/","CSTA 2026 public viewer","350275","Lessons/Bi-Weekly/Grades_5-6_YearB/Session05_Scratch_Games.md","Check the supplied two-round score/reset algorithm for 4/4 and 4/3 and 3/3 inputs by tracing or running and comparing the score sequence with the supplied key","Individual two-round score trace and expected/actual test record plus reset-bug correction and retest; explain accuracy for the tested input cases","Grade 6 practice within the national 6-8 band; tracing or running a given algorithm for specific inputs; paper trace does not prove Scratch execution; no formal proof efficiency optimization Minnesota adoption or full-subject claim","SOURCE VERIFIED - NATIONAL FRAMEWORK SCHOOL REVIEW REQUIRED","2026-10-04"
"MS-ALG-PS-03","Computer science","2026","6","NAT-01","https://csteachers.org/pk12standards/view/","CSTA 2026 public viewer","350275","Lessons/Bi-Weekly/Grades_5-6_YearB/Session08_App_Design.md","Check the provided Find/Clear algorithm against specified inputs including ruler and crayon and Ruler by tracing or running and comparing outputs to the given key","Individual three-input trace with expected and actual results and a tested branch correction; explain whether the given algorithm matches the tested cases","Grade 6 practice within the national 6-8 band; given-algorithm accuracy only; paper trace may meet this scope but not app execution; no formal proof efficiency optimization Minnesota adoption or full-subject claim","SOURCE VERIFIED - NATIONAL FRAMEWORK SCHOOL REVIEW REQUIRED","2026-10-04"
"5.6.2.3.1","Visual arts","2018","6","MN-05","https://perpich.mn.gov/wp-content/uploads/2020/11/Minnesota-2018-K-12-Academic-Standards-in-the-Arts.xlsx","MN2018ArtsEdStandardsVisualArts","87","Lessons/Bi-Weekly/Grades_5-6_YearA/Session07_Christmas_Electronics.md","Create an original Advent light-symbol artwork or label such as the supplied star or wreath representation and explain its meaning","A peer interprets the symbol without coaching and the individual explains a purposeful visual choice and symbol-versus-physical-system distinction","Symbolism in the student's own paper artwork; circuit operation or component labels alone do not count; paper-art fallback does not demonstrate electrical operation","SOURCE VERIFIED - SCHOOL AND MDE-COPY REVIEW REQUIRED","2026-10-04"
"5.6.2.4.1","Visual arts","2018","6","MN-05","https://perpich.mn.gov/wp-content/uploads/2020/11/Minnesota-2018-K-12-Academic-Standards-in-the-Arts.xlsx","MN2018ArtsEdStandardsVisualArts","89","Lessons/Bi-Weekly/Grades_5-6_YearB/Session06_Gratitude_Design.md","Create an original thank-you composition and revise its visual or image-text communication after a peer identifies the action and reason and asks a meaning question","Individual initial and revised card plus recorded reader question or interpretation and an explanation linking the change to intended thanks","Collaborative reflection on meaning in original artwork; consent discussion or correction of spelling alone is insufficient","SOURCE VERIFIED - SCHOOL AND MDE-COPY REVIEW REQUIRED","2026-10-04"
"5.6.2.4.1","Visual arts","2018","6","MN-05","https://perpich.mn.gov/wp-content/uploads/2020/11/Minnesota-2018-K-12-Academic-Standards-in-the-Arts.xlsx","MN2018ArtsEdStandardsVisualArts","89","Lessons/Grades_5-6_YearB/Week13_Advent_Technology.md","Make a four-panel resource with original imagery and revise its visual order or image-text communication after a peer interprets Pause or Share and reads an invitation","Individual first and revised layout plus reader interpretation and retest showing how the revision clarifies the intended invitation","Primary paper-art route; an approved digital route counts only after actual artwork production and collaborative meaning-focused revision; privacy or time arithmetic alone is insufficient","SOURCE VERIFIED - SCHOOL AND MDE-COPY REVIEW REQUIRED","2026-10-04"
"EK-ALG-IM-03","Computer science","2026","K","NAT-01","https://csteachers.org/pk12standards/view/","Published viewer","350295","Lessons/Bi-Weekly/Kindergarten/Session15_Helping_Others.md","Explain the human-chosen recipient goal and ordered delivery steps","Individual human goal-parts-order explanation and tested step correction","National PK/K process understanding; no Minnesota adoption or executable-device claim","SOURCE VERIFIED - NATIONAL FRAMEWORK SCHOOL REVIEW REQUIRED","2026-10-04"
"EK-ALG-IM-03","Computer science","2026","K","NAT-01","https://csteachers.org/pk12standards/view/","Published viewer","350295","Lessons/Kindergarten/Week11_Coding_Thankfulness.md","Identify the human delivery goal and ordered smaller moves before correcting a paper algorithm","Individual goal-parts-order explanation plus predicted endpoint and actual correction","National PK/K algorithm-creation process; paper does not demonstrate software or hardware execution","SOURCE VERIFIED - NATIONAL FRAMEWORK SCHOOL REVIEW REQUIRED","2026-10-04"
"EK-DAT-DC-08","Computer science","2026","K","NAT-01","https://csteachers.org/pk12standards/view/","Published viewer","350352","Lessons/Bi-Weekly/Kindergarten/Session10_Weather_Wonder.md","Collect cloud-category and observation-time data to answer whether sky conditions changed","Individual comparison of two labeled actual observations","Actual or assisted collection only; invented model data cannot establish this collection benchmark","SOURCE VERIFIED - NATIONAL FRAMEWORK SCHOOL REVIEW REQUIRED","2026-10-04"
"EK-DAT-DC-08","Computer science","2026","K","NAT-01","https://csteachers.org/pk12standards/view/","Published viewer","350352","Lessons/Kindergarten/Week19-22_Exploration_Stations.md","Collect and compare two actual cloud-category/time records during the weather meeting","Each child uses the labeled records to describe same or changed conditions","Only actual/assisted weather collection; a model-data fallback defers this national benchmark","SOURCE VERIFIED - NATIONAL FRAMEWORK SCHOOL REVIEW REQUIRED","2026-10-04"
"3.0.2.3.1","Music","2018","K","MN-05","https://perpich.mn.gov/wp-content/uploads/2020/11/Minnesota-2018-K-12-Academic-Standards-in-the-Arts.xlsx","MN2018ArtsEdStandardsMusic","8","Lessons/Bi-Weekly/Kindergarten/Session14_Sound_Music.md","Choose a musical sound and share it within a designed phrase","Observed student-directed choice and sharing of an actual sound","Silent symbol or rest-only evidence does not establish musical-sound sharing","SOURCE VERIFIED - SCHOOL AND MDE-COPY REVIEW REQUIRED","2026-10-04"
"5.0.2.3.1","Visual arts","2018","K","MN-05","https://perpich.mn.gov/wp-content/uploads/2020/11/Minnesota-2018-K-12-Academic-Standards-in-the-Arts.xlsx","MN2018ArtsEdStandardsVisualArts","9","Lessons/Bi-Weekly/Kindergarten/Session01_Welcome_Wonder.md","Create or direct a line or form representation of an observed detail","Child explains what the original representation communicates","Only original child-directed representation; pointing at existing art is observation only","SOURCE VERIFIED - SCHOOL AND MDE-COPY REVIEW REQUIRED","2026-10-04"
"5.0.2.3.1","Visual arts","2018","K","MN-05","https://perpich.mn.gov/wp-content/uploads/2020/11/Minnesota-2018-K-12-Academic-Standards-in-the-Arts.xlsx","MN2018ArtsEdStandardsVisualArts","9","Lessons/Bi-Weekly/Kindergarten/Session06_Thanksgiving.md","Create a gratitude picture communicating a specific idea","Child explains the intended meaning and an actual clarification","Original child-directed art using line shape or form","SOURCE VERIFIED - SCHOOL AND MDE-COPY REVIEW REQUIRED","2026-10-04"
"5.0.2.3.1","Visual arts","2018","K","MN-05","https://perpich.mn.gov/wp-content/uploads/2020/11/Minnesota-2018-K-12-Academic-Standards-in-the-Arts.xlsx","MN2018ArtsEdStandardsVisualArts","9","Lessons/Bi-Weekly/Kindergarten/Session09_Catholic_Schools.md","Represent a specific school contribution in original art","Child explains the communicated action and clarifying detail","Original child-directed art; generic school enthusiasm not evidence","SOURCE VERIFIED - SCHOOL AND MDE-COPY REVIEW REQUIRED","2026-10-04"
"5.0.2.3.1","Visual arts","2018","K","MN-05","https://perpich.mn.gov/wp-content/uploads/2020/11/Minnesota-2018-K-12-Academic-Standards-in-the-Arts.xlsx","MN2018ArtsEdStandardsVisualArts","9","Lessons/Kindergarten/Week12_Making_Gifts.md","Create a recipient message using purposeful picture shape or color","Individual explanation of the idea and visible artistic choices","Original child-directed art; completion or copied picture alone insufficient","SOURCE VERIFIED - SCHOOL AND MDE-COPY REVIEW REQUIRED","2026-10-04"
"5.0.2.4.1","Visual arts","2018","K","MN-05","https://perpich.mn.gov/wp-content/uploads/2020/11/Minnesota-2018-K-12-Academic-Standards-in-the-Arts.xlsx","MN2018ArtsEdStandardsVisualArts","11","Lessons/Bi-Weekly/Kindergarten/Session07_Advent_Light.md","Choose placement or visual prominence in a personal star design","Individual design-choice explanation","Own artwork choice; point counting is a separate objective","SOURCE VERIFIED - SCHOOL AND MDE-COPY REVIEW REQUIRED","2026-10-04"
"5.0.2.4.1","Visual arts","2018","K","MN-05","https://perpich.mn.gov/wp-content/uploads/2020/11/Minnesota-2018-K-12-Academic-Standards-in-the-Arts.xlsx","MN2018ArtsEdStandardsVisualArts","11","Lessons/Bi-Weekly/Kindergarten/Session15_Helping_Others.md","Choose a purposeful feature in an original welcoming message","Individual reason for the visual choice","Own artwork choice; algorithm evidence is separate","SOURCE VERIFIED - SCHOOL AND MDE-COPY REVIEW REQUIRED","2026-10-04"
"5.0.2.4.1","Visual arts","2018","K","MN-05","https://perpich.mn.gov/wp-content/uploads/2020/11/Minnesota-2018-K-12-Academic-Standards-in-the-Arts.xlsx","MN2018ArtsEdStandardsVisualArts","11","Lessons/Kindergarten/Week12_Making_Gifts.md","Identify a purposeful feature in the child's own message","Child points to and explains the chosen feature","Choice in own artwork; artistic polish not assessed","SOURCE VERIFIED - SCHOOL AND MDE-COPY REVIEW REQUIRED","2026-10-04"
"5.0.2.4.1","Visual arts","2018","K","MN-05","https://perpich.mn.gov/wp-content/uploads/2020/11/Minnesota-2018-K-12-Academic-Standards-in-the-Arts.xlsx","MN2018ArtsEdStandardsVisualArts","11","Lessons/Kindergarten/Week14-15_Light_All_Around.md","Select tissue placement in an original paper frame","Individual reason or pointing explanation of placement","Child's own design choice; watching a teacher is not evidence","SOURCE VERIFIED - SCHOOL AND MDE-COPY REVIEW REQUIRED","2026-10-04"
"5.0.4.8.1","Visual arts","2018","K","MN-05","https://perpich.mn.gov/wp-content/uploads/2020/11/Minnesota-2018-K-12-Academic-Standards-in-the-Arts.xlsx","MN2018ArtsEdStandardsVisualArts","16","Lessons/Bi-Weekly/Kindergarten/Session13_Easter_New_Life.md","Distinguish a biological-stage image from a real living insect","Child identifies an image or model limit","Visual distinction; no claim of theological or full life-science alignment","SOURCE VERIFIED - SCHOOL AND MDE-COPY REVIEW REQUIRED","2026-10-04"
"5.0.4.8.1","Visual arts","2018","K","MN-05","https://perpich.mn.gov/wp-content/uploads/2020/11/Minnesota-2018-K-12-Academic-Standards-in-the-Arts.xlsx","MN2018ArtsEdStandardsVisualArts","16","Lessons/Kindergarten/Week16_Star_of_Wonder.md","Distinguish the drawn star pattern from real light-producing stars","Child describes one image versus real-object distinction","Visual representation distinction; not external astronomy coverage","SOURCE VERIFIED - SCHOOL AND MDE-COPY REVIEW REQUIRED","2026-10-04"
"5.0.4.8.1","Visual arts","2018","K","MN-05","https://perpich.mn.gov/wp-content/uploads/2020/11/Minnesota-2018-K-12-Academic-Standards-in-the-Arts.xlsx","MN2018ArtsEdStandardsVisualArts","16","Lessons/Kindergarten/Week33_New_Life_Engineering.md","Distinguish the life-cycle picture from a living insect","Individual model-limit explanation","Image versus object; stage ordering alone not sufficient","SOURCE VERIFIED - SCHOOL AND MDE-COPY REVIEW REQUIRED","2026-10-04"
