benchmark_id,subject,edition,grade,source_id,source_url,source_locator,paraphrase,scope_boundaries,retrieval_date,mapping_authority
5.0.2.3.1,Visual arts,2018,K,MN-05,https://perpich.mn.gov/wp-content/uploads/2020/11/Minnesota-2018-K-12-Academic-Standards-in-the-Arts.xlsx,VisualArts row 9,Communicate an idea in original art using artistic foundations,Child-created or child-directed art; selecting a supplied picture alone is insufficient,2026-10-04,State-agency copy; MDE-copy corroboration and school review required
5.0.2.4.1,Visual arts,2018,K,MN-05,https://perpich.mn.gov/wp-content/uploads/2020/11/Minnesota-2018-K-12-Academic-Standards-in-the-Arts.xlsx,VisualArts row 11,Identify decisions in one's own original artwork,Choice must concern the child's own work; watching a teacher or point counting alone is insufficient,2026-10-04,State-agency copy; MDE-copy corroboration and school review required
5.0.4.8.1,Visual arts,2018,K,MN-05,https://perpich.mn.gov/wp-content/uploads/2020/11/Minnesota-2018-K-12-Academic-Standards-in-the-Arts.xlsx,VisualArts row 16,Describe a difference between a representation and a real object,Model-limit evidence is visual-arts evidence; not full science coverage,2026-10-04,State-agency copy; MDE-copy corroboration and school review required
3.0.2.3.1,Music,2018,K,MN-05,https://perpich.mn.gov/wp-content/uploads/2020/11/Minnesota-2018-K-12-Academic-Standards-in-the-Arts.xlsx,Music row 8,Choose a musical sound and share it,Silent symbols or only rests can meet a local pattern target but not this sound-sharing benchmark,2026-10-04,State-agency copy; MDE-copy corroboration and school review required
5.1.2.3.1,Visual arts,2018,1,MN-05,https://perpich.mn.gov/wp-content/uploads/2020/11/Minnesota-2018-K-12-Academic-Standards-in-the-Arts.xlsx,VisualArts row 22,Use identified symbols while creating art,Actual original art with interpreted symbols; symbols merely present are insufficient,2026-10-04,State-agency copy; MDE-copy corroboration and school review required
5.1.2.4.1,Visual arts,2018,1,MN-05,https://perpich.mn.gov/wp-content/uploads/2020/11/Minnesota-2018-K-12-Academic-Standards-in-the-Arts.xlsx,VisualArts row 24,Discuss possible revisions using artistic foundations,Specific discussion of own artwork and artistic choices; a general engineering change is insufficient,2026-10-04,State-agency copy; MDE-copy corroboration and school review required
5.2.2.3.1,Visual arts,2018,2,MN-05,https://perpich.mn.gov/wp-content/uploads/2020/11/Minnesota-2018-K-12-Academic-Standards-in-the-Arts.xlsx,VisualArts row 35,Represent natural and constructed environments in art,Artistic representation rather than only a tested mechanical prototype,2026-10-04,State-agency copy; MDE-copy corroboration and school review required
5.2.2.4.1,Visual arts,2018,2,MN-05,https://perpich.mn.gov/wp-content/uploads/2020/11/Minnesota-2018-K-12-Academic-Standards-in-the-Arts.xlsx,VisualArts row 37,Describe choices at multiple steps in making art,Process choices in actual art making; finished-product preference alone is insufficient,2026-10-04,State-agency copy; MDE-copy corroboration and school review required
5.3.2.3.1,Visual arts,2018,3,MN-05,https://perpich.mn.gov/wp-content/uploads/2020/11/Minnesota-2018-K-12-Academic-Standards-in-the-Arts.xlsx,VisualArts row 48,Visually represent everyday places or systems using artistic foundations,Purposeful artistic foundation such as form or line must be practiced and explained,2026-10-04,State-agency copy; MDE-copy corroboration and school review required
5.3.2.4.1,Visual arts,2018,3,MN-05,https://perpich.mn.gov/wp-content/uploads/2020/11/Minnesota-2018-K-12-Academic-Standards-in-the-Arts.xlsx,VisualArts row 50,Discuss feedback about art-making choices,Specific peer feedback connected to artistic choices; general compliments insufficient,2026-10-04,State-agency copy; MDE-copy corroboration and school review required
5.4.2.3.1,Visual arts,2018,4,MN-05,https://perpich.mn.gov/wp-content/uploads/2020/11/Minnesota-2018-K-12-Academic-Standards-in-the-Arts.xlsx,VisualArts row 61,Create representational and nonrepresentational art using artistic foundations,Full claim requires both types; a representational sketch alone is partial practice,2026-10-04,State-agency copy; MDE-copy corroboration and school review required
5.4.2.4.1,Visual arts,2018,4,MN-05,https://perpich.mn.gov/wp-content/uploads/2020/11/Minnesota-2018-K-12-Academic-Standards-in-the-Arts.xlsx,VisualArts row 63,Revise work in progress after peer discussion,An actual artistic revision with feedback; an untested future intention is insufficient,2026-10-04,State-agency copy; MDE-copy corroboration and school review required
5.5.2.3.1,Visual arts,2018,5,MN-05,https://perpich.mn.gov/wp-content/uploads/2020/11/Minnesota-2018-K-12-Academic-Standards-in-the-Arts.xlsx,VisualArts row 74,Use artistic foundations in art that redesigns objects places or systems,Artistic redesign target and evidence; mechanical improvement alone is insufficient,2026-10-04,State-agency copy; MDE-copy corroboration and school review required
5.5.2.4.1,Visual arts,2018,5,MN-05,https://perpich.mn.gov/wp-content/uploads/2020/11/Minnesota-2018-K-12-Academic-Standards-in-the-Arts.xlsx,VisualArts row 76,Explain art-making decisions in an artist statement using art vocabulary,A relevant statement and actual art-vocabulary choice; generic presentation insufficient,2026-10-04,State-agency copy; MDE-copy corroboration and school review required
5.6.2.3.1,Visual arts,2018,6,MN-05,https://perpich.mn.gov/wp-content/uploads/2020/11/Minnesota-2018-K-12-Academic-Standards-in-the-Arts.xlsx,VisualArts row 87,Use abstraction symbolism or naturalism in creating art,Intentional artistic approach and explanation; decoration alone insufficient,2026-10-04,State-agency copy; MDE-copy corroboration and school review required
5.6.2.4.1,Visual arts,2018,6,MN-05,https://perpich.mn.gov/wp-content/uploads/2020/11/Minnesota-2018-K-12-Academic-Standards-in-the-Arts.xlsx,VisualArts row 89,Revise art through collaborative reflection about intended meaning,Actual artistic revision and reflected intended meaning; only technical revision insufficient,2026-10-04,State-agency copy; MDE-copy corroboration and school review required
EK-ALG-IM-03,Computer science,2026,PK/K,NAT-01,https://csteachers.org/pk12standards/view/,Published viewer record 350295,Describe people defining a task and ordering smaller steps into an algorithm,Human process goal parts and order; computer-code translation not required,2026-10-04,Verified national framework; no Minnesota or diocesan adoption inferred
EK-DAT-DC-08,Computer science,2026,PK/K,NAT-01,https://csteachers.org/pk12standards/view/,Published viewer record 350352,Collect data to answer an age-appropriate question,Two or three variables/attributes; teacher-assisted collection allowed; model data not actual collection,2026-10-04,Verified national framework; no Minnesota or diocesan adoption inferred
E1-ALG-IM-03,Computer science,2026,1,NAT-01,https://csteachers.org/pk12standards/view/,Published viewer record 350296,Explain how changing algorithm steps or order can change an outcome,Actual compared outcomes and explanation; writing computer code not required,2026-10-04,Verified national framework; no Minnesota or diocesan adoption inferred
E2-ALG-PS-01,Computer science,2026,2,NAT-01,https://csteachers.org/pk12standards/view/,Published viewer record 350269,Create problem-solving or expressive algorithms using sequence events and repetition,All three structures practiced; no complex nested loops conditionals or variables required,2026-10-04,Verified national framework; no Minnesota or diocesan adoption inferred
E3-ALG-PS-01,Computer science,2026,3,NAT-01,https://csteachers.org/pk12standards/view/,Published viewer record 350270,Create algorithms with sequence events repetition and selection,All four structures may span multiple algorithms; formal conditional logic not required,2026-10-04,Verified national framework; no Minnesota or diocesan adoption inferred
E4-ALG-PS-01,Computer science,2026,4,NAT-01,https://csteachers.org/pk12standards/view/,Published viewer record 350271,Write everyday-language algorithms using sequence events repetition and selection,All four across written representations; formal pseudocode or flowcharts not required,2026-10-04,Verified national framework; no Minnesota or diocesan adoption inferred
E5-ALG-PS-01,Computer science,2026,5,NAT-01,https://csteachers.org/pk12standards/view/,Published viewer record 350272,Visually represent algorithms with variables and the four control structures,Variables plus sequence events repetition selection; formal notation and a single all-inclusive diagram not required,2026-10-04,Verified national framework; no Minnesota or diocesan adoption inferred
MS-ALG-PS-03,Computer science,2026,6-8,NAT-01,https://csteachers.org/pk12standards/view/,Published viewer record 350275,Check a given algorithm's outputs for specified inputs through tracing or execution,Grade 6 uses the 6-8 band; formal proof optimization and efficiency comparison not required,2026-10-04,Verified national framework; no Minnesota or diocesan adoption inferred
