"lesson_path","grade_band","schedule","rotation","unit","title","meetings","minutes","status","priority","rationale","local_standards","evidence","materials","technology","prep","cleanup","scope","revision"
"Lessons/Kindergarten/Week01_Welcome_to_CSTREAM.md","K","Weekly","Single","Welcome","Welcome to C-STREAM","1","25","KEEP + IMPROVE","P1","Initial-pass history: Baseline: acronym recall displaces investigation; hidden cart location; participation not mastery. Now observation question added; full timing/supply work remains. Autonomous closure: one complete reference sequence with exact supplies and timed individual evidence; no classroom certification. Official alignment and physical school checks remain separate.","CST-S1|CST-A3","Each child represents an actual detail and asks or selects one observation question.","Large observation picture cards|Plain paper|School pencil|Shared school crayon set|Teacher timer","None","Estimated first preparation 5 min; actual timing and prepared-kit preflight required","4 min per meeting included","CORE","rebuilt"
"Lessons/Kindergarten/Week02-03_Sphero_Movement.md","K","Weekly","Single","Movement","Exploring Movement with Sphero","2","25","REBUILD","P0","Baseline: driving called programming; robots cannot think overclaim; unsafe floor logistics. Rebuilt with seated algorithms and separate hardware evidence. Canonical primary-path supplies indexed in the autonomous pass; optional devices and specimen alternatives remain in the lesson; quantities and physical checks are not inferred from names.","CST-C2|CST-T1|CST-T2|CST-M1","Each child predicts two moves and corrects a wrong card; identifies input/output; hardware drive recorded only if performed; programming not assessed.","Large command cards|Paper grid and token|Plain paper|School pencil|Shared school crayon set|Teacher timer","Optional","Light: 10 min; optional hardware 20 min plus charging","3 min per meeting","CORE","rebuilt"
"Lessons/Kindergarten/Week04_Wonder_Walk.md","K","Weekly","Single","Observation","Wonder Walk","1","25","REBUILD","P1","Baseline: four drawings plus travel unrealistic; indoor list lacked sequence; detached-leaf ambiguity. Rebuilt indoor-first with actual detail/question checks. Canonical primary-path supplies indexed in the autonomous pass; optional devices and specimen alternatives remain in the lesson; quantities and physical checks are not inferred from names.","CST-C3|CST-S1|CST-A1","Each child shows two actual observed details and poses/selects one question; records stewardship action; no drawing-quality grade.","Large observation picture cards|Plain paper|School pencil|Shared school crayon set|Teacher timer|Team sorting tray","None","Light: 10 min","3 min","CORE","rebuilt"
"Lessons/Kindergarten/Week05-06_KEVA_Building.md","K","Weekly","Single","Structures","Building with KEVA Planks","2","25","KEEP + IMPROVE","P1","Initial-pass history: Baseline: 200 planks conflicted with allocations; 5 versus 10 seconds mismatch. Quantity/stability/safety corrections added; legacy competition wording needs full consolidation. Autonomous closure: one complete reference sequence with exact supplies and timed individual evidence; no classroom certification. Official alignment and physical school checks remain separate.","CST-C3|CST-E2|CST-M1","Each child counts the selected blocks and compares actual ten-second tests before and after a base change.","Large wooden building blocks|Metric ruler|Plain paper|School pencil|Shared school crayon set|Teacher timer|Team sorting tray","None","Estimated first preparation 10 min; actual timing and prepared-kit preflight required","4 min per meeting included","CORE","rebuilt"
"Lessons/Kindergarten/Week07-09_Engineering_Helpers.md","K","Weekly","Single","Service design","Engineering Helpers","3","25","REBUILD","P0","Initial-pass history: Baseline: high-shelf reaching and pet toys unsafe; vague tests/supplies. Model-only carrying criterion and kits added; not a full substitute-ready rebuild. Autonomous closure: one complete reference sequence with exact supplies and timed individual evidence; no classroom certification. Official alignment and physical school checks remain separate.","CST-C2|CST-E1|CST-E2|CST-A1|CST-M1","Each child states the two-cup criterion and compares actual same-path results after one change with a plan drawing.","Blunt school scissors|Clean corrugated cardboard|Masking tape|Metric ruler|Paper cups|Plain paper|School pencil|Shared school crayon set|Teacher timer|Team sorting tray|Wooden craft sticks","None","Estimated first preparation 15 min; actual timing and prepared-kit preflight required","4 min per meeting included","CORE","rebuilt"
"Lessons/Kindergarten/Week10_Bridges_Connect_Us.md","K","Weekly","Single","Structures","Bridges Connect Us","1","25","KEEP + IMPROVE","P1","Initial-pass history: Baseline: six-inch span incompatible with single short plank; substitute removed testing. Span/model safety/individual checks fixed; quantities and timed cleanup unresolved. Autonomous closure: one complete reference sequence with exact supplies and timed individual evidence; no classroom certification. Official alignment and physical school checks remain separate.","CST-C2|CST-E1|CST-E2|CST-M1","Each child identifies deck and supports and counts two supports and one load while comparing actual same-load tests.","Clean corrugated cardboard|Large wooden building blocks|Metric ruler|Plain paper|School pencil|Shared school crayon set|Teacher timer|Team sorting tray","None","Estimated first preparation 10 min; actual timing and prepared-kit preflight required","4 min per meeting included","CORE","rebuilt"
"Lessons/Kindergarten/Week11_Coding_Thankfulness.md","K","Weekly","Single","Algorithms","Coding Thankfulness","1","25","REBUILD","P1","Initial-pass history: Baseline: motion-lines drawing not coding; unsupported search feature. Two-command picture algorithm and individual correction added; legacy digital plan not fully consolidated. Autonomous closure: one complete reference sequence with exact supplies and timed individual evidence; no classroom certification. Official alignment and physical school checks remain separate.","CST-C2|CST-T2|CST-A3","Each child predicts the two-command endpoint and tests a correction while explaining a respectful message; software execution is separate.","Large command cards|Paper grid and token|Plain paper|School pencil|Shared school crayon set|Teacher timer","Optional","Estimated first preparation 10 min; actual timing and prepared-kit preflight required","4 min per meeting included","CORE","rebuilt"
"Lessons/Kindergarten/Week12_Making_Gifts.md","K","Weekly","Single","Service art","Making Gifts for Others","1","25","KEEP + IMPROVE","P0","Initial-pass history: Baseline: sequins without controls; unsupported Nicholas history; craft mislabeled engineering. Large-paper minimum and source gate added; art/service not engineering. Autonomous closure: one complete reference sequence with exact supplies and timed individual evidence; no classroom certification. Official alignment and physical school checks remain separate.","CST-C2|CST-A2|CST-A3","Each child identifies a recipient and purposeful visual choice and explains a revision that clarified meaning.","Blunt school scissors|Large paper shapes|Plain paper|School glue stick|School pencil|Shared school crayon set|Teacher timer","None","Estimated first preparation 10 min; actual timing and prepared-kit preflight required","4 min per meeting included","RECOMMENDED","rebuilt"
"Lessons/Kindergarten/Week13_Fall_Celebration.md","K","Weekly","Single","Reflection","Fall Celebration","1","25","KEEP + IMPROVE","P2","Initial-pass history: Baseline unchanged: reflection useful; feelings and recognizable drawings replace demonstrated learning; treats optional. Sources and readiness remain unverified. Autonomous closure: one complete reference sequence with exact supplies and timed individual evidence; no classroom certification. Official alignment and physical school checks remain separate.","CST-C1|CST-A3","Each child communicates one actual dated result or fresh demonstration with an honest limit; enjoyment is separate.","Large command cards|Paper grid and token|Plain paper|School pencil|Shared school crayon set|Teacher timer","Optional","Estimated first preparation 10 min; actual timing and prepared-kit preflight required","4 min per meeting included","RECOMMENDED","rebuilt"
"Lessons/Kindergarten/Week14-15_Light_All_Around.md","K","Weekly","Single","Light","Light All Around","2","25","REBUILD","P0","Initial-pass history: Baseline: tissue called transparent; no beam/battery safeguards; circuits not taught. Clear/fuzzy/blocked model and safer frame kits added; not a full rebuild. Autonomous closure: one complete reference sequence with exact supplies and timed individual evidence; no classroom certification. Official alignment and physical school checks remain separate.","CST-C1|CST-S2|CST-T1|CST-A2","Each child compares a material at fixed distances and identifies flashlight input/output and an evidence-informed tissue design choice.","AA alkaline cell|Blunt school scissors|Clean corrugated cardboard|Enclosed 2-AA flashlight|Masking tape|Metric ruler|Plain paper|Rigid clear plastic sheet|School pencil|Shared school crayon set|Teacher timer|Tissue paper","None","Estimated first preparation 15 min; actual timing and prepared-kit preflight required","4 min per meeting included","CORE","rebuilt"
"Lessons/Kindergarten/Week16_Star_of_Wonder.md","K","Weekly","Single","Stars","Star of Wonder","1","25","KEEP + IMPROVE","P0","Initial-pass history: Baseline: three Magi assumed; Big Dipper called constellation; glitter. Tradition/source gate and asterism/model distinctions corrected; official source verification remains. Autonomous closure: one complete reference sequence with exact supplies and timed individual evidence; no classroom certification. Official alignment and physical school checks remain separate.","CST-S3|CST-A1|CST-M1","Each child counts three to five model dots and distinguishes the drawing from real light-producing stars.","Large observation picture cards|Plain paper|School pencil|Shared school crayon set|Teacher timer","None","Estimated first preparation 5 min; actual timing and prepared-kit preflight required","4 min per meeting included","RECOMMENDED","rebuilt"
"Lessons/Kindergarten/Week18_New_Year_Goals.md","K","Weekly","Single","Reflection","New Year Goals","1","25","KEEP + IMPROVE","P2","Initial-pass history: Baseline unchanged: appropriate reflection but no follow-up; future goals not evidence of STEM practice; sources unverified. Autonomous closure: one complete reference sequence with exact supplies and timed individual evidence; no classroom certification. Official alignment and physical school checks remain separate.","CST-C1|CST-S1|CST-S3|CST-M2|CST-A3","Each child records an actual or explicitly sourced sky observation and states a checkable comparison goal; predictions are separate.","Large weather symbol cards|Plain paper|School pencil|Shared school crayon set|Teacher timer","None","Estimated first preparation 5 min; actual timing and prepared-kit preflight required","4 min per meeting included","OPTIONAL","rebuilt"
"Lessons/Kindergarten/Week19-22_Exploration_Stations.md","K","Weekly","Single","Practice stations","Exploration Stations","4","25","REBUILD","P1","Initial-pass history: Baseline: five stations could not all be visited; unspecified cards; passport measured attendance. Four focused concurrent challenges added; legacy options still need consolidation. Autonomous closure: one complete reference sequence with exact supplies and timed individual evidence; no classroom certification. Official alignment and physical school checks remain separate.","CST-S1|CST-T2|CST-E2|CST-A2|CST-M2","Each child compares a tower retest and two labeled weather records and explains a readable repeat and tested algorithm correction.","Large command cards|Large paper shapes|Large weather symbol cards|Large wooden building blocks|Paper grid and token|Plain paper|School pencil|Shared school crayon set|Teacher timer|Team sorting tray","Optional","Estimated first preparation 15 min; actual timing and prepared-kit preflight required","4 min per meeting included","CORE","rebuilt"
"Lessons/Kindergarten/Week23_Catholic_Schools_Week.md","K","Weekly","Single","Reflection","Catholic Schools Week","1","25","KEEP + IMPROVE","P2","Initial-pass history: Baseline unchanged: demonstration objective omitted in sequence; display logistics and cleanup absent; sources unverified. Autonomous closure: one complete reference sequence with exact supplies and timed individual evidence; no classroom certification. Official alignment and physical school checks remain separate.","CST-C1|CST-T3|CST-A3","Each child links a display to actual evidence and revises the explanation and identifies hypothetical private information and an adult to ask before sharing.","Large command cards|Paper grid and token|Plain paper|School pencil|Shared school crayon set|Teacher timer","Optional","Estimated first preparation 10 min; actual timing and prepared-kit preflight required","4 min per meeting included","CORE","rebuilt"
"Lessons/Kindergarten/Week24-25_Dash_Robot_Friends.md","K","Weekly","Single","Algorithms","Dash Robot Friends","2","25","REBUILD","P0","Baseline: unverified Blockly Jr app; exact robot motion overclaim; unsafe room routes. Rebuilt with picture route/debugging and separately recorded optional real programming. Canonical primary-path supplies indexed in the autonomous pass; optional devices and specimen alternatives remain in the lesson; quantities and physical checks are not inferred from names.","CST-C2|CST-T1|CST-T2|CST-M1","Each child predicts three-command endpoint and fixes wrong card; input/output and count checked; actual block execution on Dash recorded only if performed.","Large command cards|Paper grid and token|Plain paper|School pencil|Shared school crayon set|Teacher timer","Optional","Light: 10 min paper; optional hardware 20 min plus charging","3 min per meeting","CORE","rebuilt"
"Lessons/Kindergarten/Week26-27_Helping_Hands.md","K","Weekly","Single","Service design","Helping Hands Engineering","2","25","KEEP + IMPROVE","P0","Initial-pass history: Baseline: baby attachment/real assistive tools unsafe; date-sensitive saint title; repeat unit. Desk-model restriction and test criteria added; full consolidation pending. Autonomous closure: one complete reference sequence with exact supplies and timed individual evidence; no classroom certification. Official alignment and physical school checks remain separate.","CST-C2|CST-E1|CST-E2|CST-A1|CST-E3","Each child states the requested book-standing and picture-visibility criteria and compares two tests with a plan and tradeoff reason.","Blunt school scissors|Clean corrugated cardboard|Masking tape|Metric ruler|Plain paper|School pencil|Shared school crayon set|Teacher timer|Team sorting tray|Wooden craft sticks","None","Estimated first preparation 15 min; actual timing and prepared-kit preflight required","4 min per meeting included","RECOMMENDED","rebuilt"
"Lessons/Kindergarten/Week28_Circles_and_Pi.md","K","Weekly","Single","Shapes","Circles and Pi","1","25","REPLACE","P0","Baseline: sphere called 3D circle; pi magic; March 14 assumed; snack/yarn hazards. Same URL rebuilt around flat/solid distinction and meaningful pattern design. Canonical primary-path supplies indexed in the autonomous pass; optional devices and specimen alternatives remain in the lesson; quantities and physical checks are not inferred from names.","CST-C1|CST-A2|CST-M1|CST-M2","Each child distinguishes circle/square/ball and extends AB pattern by two shapes; explains readable spacing/color choice.","Large circular lid|Large classroom ball|Large paper shapes|Paper strips|School pencil|Shared school crayon set|Teacher timer","None","Light: 10 min","3 min","CORE","rebuilt"
"Lessons/Kindergarten/Week29-31_Growing_Things.md","K","Weekly","Single","Plant observation","Growing Things","3","25","REBUILD","P0","Baseline: soil required and seed contains everything; no care/hygiene; assumes growth. Rebuilt short-term enclosed germination with named adult care and truthful no-change records. Canonical primary-path supplies indexed in the autonomous pass; optional devices and specimen alternatives remain in the lesson; quantities and physical checks are not inferred from names.","CST-C3|CST-S1|CST-S3|CST-A1|CST-M1","Each child records actual detail; compares dated views including no change; counts visible features and chooses justified care action; plant success not grade.","Large teacher science tray|Metric 5 mL measuring spoon|Metric ruler|Paper strips|Paper towel|Plain paper|Plastic graduated measuring cup|School pencil|School-approved marker|School-approved room-temperature water|Teacher timer|Transparent observation cup with lid|Untreated bean seeds","None","Moderate: 20 min; adult 2 min each school day","3 min per meeting","CORE","rebuilt"
"Lessons/Kindergarten/Week33_New_Life_Engineering.md","K","Weekly","Single","Life cycles","New Life Engineering","1","25","REBUILD","P0","Initial-pass history: Baseline: cocoon error and Resurrection/metamorphosis conflation; craft mislabeled engineering. Sourced biology/doctrine and four-stage model added; full reference format pending. Autonomous closure: one complete reference sequence with exact supplies and timed individual evidence; no classroom certification. Official alignment and physical school checks remain separate.","CST-C1|CST-S3|CST-A1","Each child orders four living-insect stages and explains a model limit without equating metamorphosis and Resurrection.","Large life-cycle picture cards|Plain paper|School pencil|Shared school crayon set|Teacher timer","None","Estimated first preparation 15 min; actual timing and prepared-kit preflight required","4 min per meeting included","CORE","rebuilt"
"Lessons/Kindergarten/Week34_Year_Celebration.md","K","Weekly","Single","Reflection","Year Celebration","1","25","KEEP + IMPROVE","P1","Initial-pass history: Baseline: everyone can code robots claim; recollection certifies mastery; treats. Evidence-specific language and food-free default added; portfolio checks still need operational consolidation. Autonomous closure: one complete reference sequence with exact supplies and timed individual evidence; no classroom certification. Official alignment and physical school checks remain separate.","CST-C1|CST-A3","Each child communicates actual dated evidence and support needed with a next practice step; missing growth evidence is recorded.","Large command cards|Paper grid and token|Plain paper|School pencil|Shared school crayon set|Teacher timer","Optional","Estimated first preparation 10 min; actual timing and prepared-kit preflight required","4 min per meeting included","CORE","rebuilt"
"Lessons/Bi-Weekly/Kindergarten/Session01_Welcome_Wonder.md","K","Bi-Weekly","Single","Welcome","Welcome to Wonder","1","25","KEEP + IMPROVE","P0","Initial-pass history: Baseline: five senses implies tasting; unsourced history; participation. No-taste indoor picture kits and individual question added; full reference format pending. Autonomous closure: one complete reference sequence with exact supplies and timed individual evidence; no classroom certification. Official alignment and physical school checks remain separate.","CST-C3|CST-S1|CST-A1","Each child shows an observed detail and question through a representation and demonstrates shared-material care.","Large observation picture cards|Plain paper|School pencil|Shared school crayon set|Teacher timer","None","Estimated first preparation 5 min; actual timing and prepared-kit preflight required","4 min per meeting included","CORE","rebuilt"
"Lessons/Bi-Weekly/Kindergarten/Session02_Gods_World.md","K","Bi-Weekly","Single","Observation","God's Amazing World","1","25","KEEP + IMPROVE","P0","Initial-pass history: Baseline: unchecked feathers/shells; no wrong sorting rule; history unsupported. Large-picture sorting and evidence-based rule added. Autonomous closure: one complete reference sequence with exact supplies and timed individual evidence; no classroom certification. Official alignment and physical school checks remain separate.","CST-C3|CST-S1|CST-M2","Each child sorts at least three pictures by a visible rule and represents the groups with a material-care action.","Large observation picture cards|Plain paper|School pencil|Shared school crayon set|Teacher timer","None","Estimated first preparation 10 min; actual timing and prepared-kit preflight required","4 min per meeting included","CORE","rebuilt"
"Lessons/Bi-Weekly/Kindergarten/Session03_Building_Basics.md","K","Bi-Weekly","Single","Structures","Building Basics","1","25","KEEP + IMPROVE","P1","Initial-pass history: Baseline: no quantities/stability criterion; one-hand challenge exclusion. Quantities and ten-second retest added; not a full reference rebuild. Autonomous closure: one complete reference sequence with exact supplies and timed individual evidence; no classroom certification. Official alignment and physical school checks remain separate.","CST-C3|CST-E2|CST-M1","Each child counts selected blocks and compares same-time tower tests and a common ten-centimeter reference after a base change.","Large wooden building blocks|Metric ruler|Plain paper|School pencil|Shared school crayon set|Teacher timer|Team sorting tray","None","Estimated first preparation 10 min; actual timing and prepared-kit preflight required","4 min per meeting included","CORE","rebuilt"
"Lessons/Bi-Weekly/Kindergarten/Session04_Colors_Light.md","K","Bi-Weekly","Single","Light","Colors and Light","1","25","KEEP + IMPROVE","P0","Initial-pass history: Baseline: filter mixing rule confused; beam hazards; spectrum promised. Shadow-first fair comparison and quantities added; optional colors need teacher trial. Autonomous closure: one complete reference sequence with exact supplies and timed individual evidence; no classroom certification. Official alignment and physical school checks remain separate.","CST-S2|CST-T1|CST-A1","Each child predicts and reports an actual shadow comparison and changed or kept-same conditions with light input/output.","AA alkaline cell|Enclosed 2-AA flashlight|Large paper shapes|Metric ruler|Plain paper|School pencil|Shared school crayon set|Teacher timer","None","Estimated first preparation 10 min; actual timing and prepared-kit preflight required","4 min per meeting included","CORE","rebuilt"
"Lessons/Bi-Weekly/Kindergarten/Session05_Simple_Machines.md","K","Bi-Weekly","Single","Ramps","Simple Machines","1","25","KEEP + IMPROVE","P0","Initial-pass history: Baseline: crayon called nonrolling; sliding ignored; unsafe racing/multiple variables. Contained same-object comparisons and three outcomes added. Autonomous closure: one complete reference sequence with exact supplies and timed individual evidence; no classroom certification. Official alignment and physical school checks remain separate.","CST-C2|CST-S2|CST-E1|CST-M1","Each child reports roll or slide or stay and compares marked ramp rise with the same object and release point; no speed inference.","Blunt school scissors|Clean corrugated cardboard|Large classroom ball|Large wooden building blocks|Metric ruler|Plain paper|School pencil|Shared school crayon set|Stable school support book or block|Teacher timer|Team sorting tray","None","Estimated first preparation 15 min; actual timing and prepared-kit preflight required","4 min per meeting included","CORE","rebuilt"
"Lessons/Bi-Weekly/Kindergarten/Session06_Thanksgiving.md","K","Bi-Weekly","Single","Service art","Thanksgiving Wonder","1","25","KEEP + IMPROVE","P2","Initial-pass history: Baseline unchanged: genuine art/service; little science; duplicate drawings/gratitude rounds; optional acorns excluded by README safety gate; sources unverified. Autonomous closure: one complete reference sequence with exact supplies and timed individual evidence; no classroom certification. Official alignment and physical school checks remain separate.","CST-C2|CST-A3","Each child explains a respectful gratitude idea and an actual communication revision after listener feedback.","Plain paper|School pencil|Shared school crayon set|Teacher timer","None","Estimated first preparation 5 min; actual timing and prepared-kit preflight required","4 min per meeting included","RECOMMENDED","rebuilt"
"Lessons/Bi-Weekly/Kindergarten/Session07_Advent_Light.md","K","Bi-Weekly","Single","Light art","Advent Light","1","25","KEEP + IMPROVE","P0","Initial-pass history: Baseline: paper stars emit-light implication; glitter/button cells; unsourced title. Reflecting/source distinction and large-paper kit added. Autonomous closure: one complete reference sequence with exact supplies and timed individual evidence; no classroom certification. Official alignment and physical school checks remain separate.","CST-C2|CST-A2|CST-M1","Each child counts chosen symbol points and explains a purposeful placement and kind message; paper is not a light source.","Large paper shapes|Plain paper|School glue stick|School pencil|Shared school crayon set|Teacher timer","None","Estimated first preparation 10 min; actual timing and prepared-kit preflight required","4 min per meeting included","RECOMMENDED","rebuilt"
"Lessons/Bi-Weekly/Kindergarten/Session08_Winter_Science.md","K","Bi-Weekly","Single","Water changes","Winter Science","1","25","REBUILD","P0","Baseline: cold exposure/frozen toys; uncontrolled melting comparisons; rescue-dog history. Rebuilt indoor before/after water-change lesson without those pathways. Canonical primary-path supplies indexed in the autonomous pass; optional devices and specimen alternatives remain in the lesson; quantities and physical checks are not inferred from names.","CST-C3|CST-S1|CST-S3|CST-A1","Each child identifies solid/liquid and actual before/after change or no change using their cup or labeled earlier sample.","Paper towel|Plain paper|Reusable clear plastic cup|School pencil|School-approved marker|Shared school crayon set|Teacher ice-cube tray|Teacher timer|Teacher water collection container|Teacher-only sample tongs|Teacher-prepared ice sample|Team sorting tray","None","Light: 10 min plus overnight freezing","4 min","CORE","rebuilt"
"Lessons/Bi-Weekly/Kindergarten/Session09_Catholic_Schools.md","K","Bi-Weekly","Single","Community art","Our Catholic School","1","25","KEEP + IMPROVE","P2","Initial-pass history: Baseline unchanged: too many activities; unsourced history; gratitude not structural design evidence; explicit classroom checks still needed. Autonomous closure: one complete reference sequence with exact supplies and timed individual evidence; no classroom certification. Official alignment and physical school checks remain separate.","CST-C2|CST-T3|CST-A3","Each child names a school contribution and explains a visual-message clarification and identifies hypothetical private information and an adult sharing permission.","Plain paper|School pencil|Shared school crayon set|Teacher timer","Optional","Estimated first preparation 5 min; actual timing and prepared-kit preflight required","4 min per meeting included","CORE","rebuilt"
"Lessons/Bi-Weekly/Kindergarten/Session10_Weather_Wonder.md","K","Bi-Weekly","Single","Weather","Weather Wonder","1","25","KEEP + IMPROVE","P1","Initial-pass history: Baseline unchanged: window option useful; one data point not pattern; picture thermometer not measurement; legend not evidence; no quantified kit. Autonomous closure: one complete reference sequence with exact supplies and timed individual evidence; no classroom certification. Official alignment and physical school checks remain separate.","CST-S1|CST-S3|CST-M2","Each child represents and compares two actual dated or explicitly sourced sky records and distinguishes observation from prediction.","Large weather symbol cards|Plain paper|School pencil|Shared school crayon set|Teacher timer","None","Estimated first preparation 5 min; actual timing and prepared-kit preflight required","4 min per meeting included","CORE","rebuilt"
"Lessons/Bi-Weekly/Kindergarten/Session11_Growing_Things.md","K","Bi-Weekly","Single","Plant observation","Growing Things","1","25","REBUILD","P0","Baseline: soil called food; absolute germination time; no care/hygiene. Rebuilt enclosed seed observation; no eighteenth STREAM meeting or home-care requirement. Canonical primary-path supplies indexed in the autonomous pass; optional devices and specimen alternatives remain in the lesson; quantities and physical checks are not inferred from names.","CST-C3|CST-S1|CST-S3|CST-A1","Each child identifies actual seed detail versus predicted change and chooses appropriate care; model-only evidence labeled if live seed unavailable.","Large teacher science tray|Metric 5 mL measuring spoon|Paper towel|Plain paper|Plastic graduated measuring cup|School pencil|School-approved marker|School-approved room-temperature water|Shared school crayon set|Teacher timer|Transparent observation cup with lid|Untreated bean seeds","None","Moderate: 20 min plus school care","3 min","CORE","rebuilt"
"Lessons/Bi-Weekly/Kindergarten/Session12_Animal_Homes.md","K","Bi-Weekly","Single","Habitats","Animal Homes","1","25","KEEP + IMPROVE","P0","Initial-pass history: Baseline: birds permanently in nests; all rabbits burrow; shelter equals habitat. Bird-family model plus food/water/space and local rabbit correction added. Autonomous closure: one complete reference sequence with exact supplies and timed individual evidence; no classroom certification. Official alignment and physical school checks remain separate.","CST-C3|CST-S3|CST-E1|CST-A1","Each child identifies food and water and shelter and space with a model criterion and limitation and a care action.","Clean corrugated cardboard|Large observation picture cards|Paper strips|Plain paper|School glue stick|School pencil|Shared school crayon set|Teacher timer","None","Estimated first preparation 15 min; actual timing and prepared-kit preflight required","4 min per meeting included","CORE","rebuilt"
"Lessons/Bi-Weekly/Kindergarten/Session13_Easter_New_Life.md","K","Bi-Weekly","Single","Life cycles","Easter New Life","1","25","REBUILD","P0","Initial-pass history: Baseline: Jesus like butterfly/Good Friday like chrysalis; food small parts. Sourced doctrine/biology and large-stage models added; full reference formatting remains. Autonomous closure: one complete reference sequence with exact supplies and timed individual evidence; no classroom certification. Official alignment and physical school checks remain separate.","CST-C1|CST-S3|CST-A1","Each child orders four living stages and communicates a model limit; biology is distinct from Resurrection teaching.","Large life-cycle picture cards|Plain paper|School pencil|Shared school crayon set|Teacher timer","None","Estimated first preparation 15 min; actual timing and prepared-kit preflight required","4 min per meeting included","CORE","rebuilt"
"Lessons/Bi-Weekly/Kindergarten/Session14_Sound_Music.md","K","Bi-Weekly","Single","Sound","Sound and Music","1","25","KEEP + IMPROVE","P0","Initial-pass history: Baseline: loose rice/beans; latex; shared mouth instruments; noise; biography unsourced. Paper-cup rhythm and teacher vibration demonstration replace unsafe paths. Autonomous closure: one complete reference sequence with exact supplies and timed individual evidence; no classroom certification. Official alignment and physical school checks remain separate.","CST-C2|CST-S1|CST-A2","Each child indicates an observed vibration and communicates an intentional four-beat sound or silence phrase with accessible roles.","Metric ruler|Paper cups|Plain paper|School pencil|Shared school crayon set|Teacher timer","None","Estimated first preparation 5 min; actual timing and prepared-kit preflight required","4 min per meeting included","CORE","rebuilt"
"Lessons/Bi-Weekly/Kindergarten/Session15_Helping_Others.md","K","Bi-Weekly","Single","Service art and algorithms","Helping Others","1","25","KEEP + IMPROVE","P0","Initial-pass history: Baseline: unsupported attributed quotations; hug obligation; uncertain recipient; bi-weekly algorithms absent. Quotes removed; consent/approved delivery and two-command algorithm added. Autonomous closure: one complete reference sequence with exact supplies and timed individual evidence; no classroom certification. Official alignment and physical school checks remain separate.","CST-C2|CST-T2|CST-A2|CST-A3","Each child explains a respectful message choice and predicts the endpoint and tests a correction to two picture commands.","Large command cards|Paper grid and token|Plain paper|School pencil|Shared school crayon set|Teacher timer","None","Estimated first preparation 15 min; actual timing and prepared-kit preflight required","4 min per meeting included","CORE","rebuilt"
"Lessons/Bi-Weekly/Kindergarten/Session16_Water_Wonder.md","K","Bi-Weekly","Single","Buoyancy","Water Wonder","1","25","REBUILD","P0","Baseline: light floats/heavy sinks false; coins/caps; one tub bottleneck; no depth/hygiene. Rebuilt concurrent large-object tests and same-foil redesign. Canonical primary-path supplies indexed in the autonomous pass; optional devices and specimen alternatives remain in the lesson; quantities and physical checks are not inferred from names.","CST-C3|CST-S2|CST-E2|CST-M2","Each child reports prediction versus actual result; records two-row comparison and identifies foil redesign/retest; floating success not required.","Aluminum foil|Large smooth metal spoon|Large wooden building blocks|Paper towel|Plain paper|Plastic graduated measuring cup|Reusable surface cleanup cloth|School pencil|School-approved room-temperature water|Shared school crayon set|Teacher timer|Teacher water collection container|Team sorting tray","None","Light: 15 min including trial","4 min; wet-contact handwash transition separately planned","CORE","rebuilt"
"Lessons/Bi-Weekly/Kindergarten/Session17_Celebration.md","K","Bi-Weekly","Single","Reflection","Year Celebration","1","25","KEEP + IMPROVE","P1","Initial-pass history: Baseline: everyone ready for first grade unmeasured; 25 speeches overrun; snack. Readiness claim removed and pair artifact evidence added; not full reference rebuild. Autonomous closure: one complete reference sequence with exact supplies and timed individual evidence; no classroom certification. Official alignment and physical school checks remain separate.","CST-C1|CST-A3","Each child shows an actual dated result or fresh demonstration and communicates an honest next practice step without certifying grade readiness.","Large command cards|Paper grid and token|Plain paper|School pencil|Shared school crayon set|Teacher timer","Optional","Estimated first preparation 10 min; actual timing and prepared-kit preflight required","4 min per meeting included","CORE","rebuilt"
