"material_term","occurrences","grade_bands","triage_bucket","reason","lesson_paths"
"Tape","48","1-2|3-4|5-6","AMBIGUOUS MATERIAL TYPE","Specify the tape or adhesive type and safe application; masking or conductive tape and glue sticks are not interchangeable.","Lessons/Bi-Weekly/Grades_1-2_YearA/Session11_Lenten_Engineers.md|Lessons/Bi-Weekly/Grades_1-2_YearA/Session16_Community_Helpers.md|Lessons/Bi-Weekly/Grades_1-2_YearB/Session06_Gratitude_Gifts.md|Lessons/Bi-Weekly/Grades_1-2_YearB/Session07_Star_Makers.md|Lessons/Bi-Weekly/Grades_1-2_YearB/Session11_Lenten_Love.md|Lessons/Bi-Weekly/Grades_1-2_YearB/Session13_Easter_Joy.md|Lessons/Bi-Weekly/Grades_1-2_YearB/Session16_Earth_Care.md|Lessons/Bi-Weekly/Grades_3-4_YearA/Session01_Engineering_Design.md|Lessons/Bi-Weekly/Grades_3-4_YearA/Session02_Dash_Code.md|Lessons/Bi-Weekly/Grades_3-4_YearA/Session11_Lenten_Engineering.md|Lessons/Bi-Weekly/Grades_3-4_YearA/Session14_Dash_Challenge.md|Lessons/Bi-Weekly/Grades_3-4_YearB/Session01_Design_Thinking.md|Lessons/Bi-Weekly/Grades_3-4_YearB/Session06_Thanksgiving_Design.md|Lessons/Bi-Weekly/Grades_3-4_YearB/Session11_Lenten_Service.md|Lessons/Bi-Weekly/Grades_3-4_YearB/Session13_Easter_Creation.md|Lessons/Bi-Weekly/Grades_5-6_YearA/Session01_Design_Process.md|Lessons/Bi-Weekly/Grades_5-6_YearA/Session02_Sphero_Advanced.md|Lessons/Bi-Weekly/Grades_5-6_YearA/Session03_Structural_Engineering.md|Lessons/Bi-Weekly/Grades_5-6_YearA/Session06_Thanksgiving_Innovation.md|Lessons/Bi-Weekly/Grades_5-6_YearA/Session14_Sphero_Challenge.md|Lessons/Bi-Weekly/Grades_5-6_YearA/Session16_Advanced_Invention.md|Lessons/Bi-Weekly/Grades_5-6_YearB/Session01_Engineering_Thinking.md|Lessons/Bi-Weekly/Grades_5-6_YearB/Session14_Robot_Olympics.md|Lessons/Bi-Weekly/Grades_5-6_YearB/Session16_Innovation_Lab.md|Lessons/Grades_1-2_YearA/Week07-09_Engineering_for_Others.md|Lessons/Grades_1-2_YearA/Week26-27_Helping_Hands_Design.md|Lessons/Grades_1-2_YearA/Week33_New_Life_Engineering.md|Lessons/Grades_1-2_YearB/Week19-22_Invention_Labs.md|Lessons/Grades_1-2_YearB/Week24-25_Friendship_Machines.md|Lessons/Grades_3-4_YearA/Week02-03_Sphero_Advanced.md|Lessons/Grades_3-4_YearA/Week07-09_Community_Helpers.md|Lessons/Grades_3-4_YearA/Week12_Giving_Through_Making.md|Lessons/Grades_3-4_YearA/Week19-22_Choice_Labs.md|Lessons/Grades_3-4_YearA/Week29-31_Environmental_STREAM.md|Lessons/Grades_3-4_YearB/Week04-06_Paper_Airplane.md|Lessons/Grades_3-4_YearB/Week07-09_Architectural_Marvels.md|Lessons/Grades_3-4_YearB/Week10_Fall_Festival.md|Lessons/Grades_3-4_YearB/Week12_Gifts_Others.md|Lessons/Grades_3-4_YearB/Week24-27_Sustainable_City.md|Lessons/Grades_3-4_YearB/Week29-31_Weather_Station.md|Lessons/Grades_3-4_YearB/Week33_Easter_Engineering.md|Lessons/Grades_5-6_YearA/Week07-09_Social_Innovation.md|Lessons/Grades_5-6_YearA/Week10_Advanced_Bridges.md|Lessons/Grades_5-6_YearA/Week12_Giving_Making.md|Lessons/Grades_5-6_YearA/Week29-31_Environmental_Science.md|Lessons/Grades_5-6_YearB/Week05-07_Renewable_Energy.md|Lessons/Grades_5-6_YearB/Week08-10_Biomimicry.md|Lessons/Grades_5-6_YearB/Week12_Gifts_Service.md"
"journal","21","5-6","DOCUMENTATION FORMAT","Confirm paper or digital evidence format and consumption; a record concept is not a verified notebook purchase.","Lessons/Bi-Weekly/Grades_5-6_YearA/Session01_Design_Process.md|Lessons/Bi-Weekly/Grades_5-6_YearA/Session04_Body_Systems.md|Lessons/Bi-Weekly/Grades_5-6_YearA/Session06_Thanksgiving_Innovation.md|Lessons/Bi-Weekly/Grades_5-6_YearA/Session09_Catholic_Scientists.md|Lessons/Bi-Weekly/Grades_5-6_YearA/Session10_Environmental_Science.md|Lessons/Bi-Weekly/Grades_5-6_YearA/Session11_Lenten_Engineering.md|Lessons/Bi-Weekly/Grades_5-6_YearA/Session13_Easter_Tech.md|Lessons/Bi-Weekly/Grades_5-6_YearB/Session03_Architecture.md|Lessons/Bi-Weekly/Grades_5-6_YearB/Session05_Scratch_Games.md|Lessons/Bi-Weekly/Grades_5-6_YearB/Session06_Gratitude_Design.md|Lessons/Bi-Weekly/Grades_5-6_YearB/Session09_Science_Faith.md|Lessons/Bi-Weekly/Grades_5-6_YearB/Session11_Mercy_Engineering.md|Lessons/Bi-Weekly/Grades_5-6_YearB/Session12_Ecosystems.md|Lessons/Grades_5-6_YearA/Week01_Welcome_to_CSTREAM.md|Lessons/Grades_5-6_YearA/Week07-09_Social_Innovation.md|Lessons/Grades_5-6_YearA/Week13_Fall_Showcase.md|Lessons/Grades_5-6_YearA/Week18_Goal_Engineering.md|Lessons/Grades_5-6_YearA/Week19-22_Passion_Projects.md|Lessons/Grades_5-6_YearA/Week23_Catholic_Schools_Week.md|Lessons/Grades_5-6_YearB/Week01_Welcome_Innovators.md|Lessons/Grades_5-6_YearB/Week19_New_Year_Vision.md"
"Portfolios","13","1-2|3-4","DOCUMENTATION FORMAT","Confirm paper or digital evidence format and consumption; a record concept is not a verified notebook purchase.","Lessons/Bi-Weekly/Grades_1-2_YearA/Session17_Exhibition.md|Lessons/Bi-Weekly/Grades_1-2_YearB/Session17_Celebration.md|Lessons/Bi-Weekly/Grades_3-4_YearA/Session17_Exhibition.md|Lessons/Bi-Weekly/Grades_3-4_YearB/Session17_Celebration.md|Lessons/Grades_1-2_YearA/Week13_Fall_Celebration.md|Lessons/Grades_1-2_YearA/Week34_Year_Celebration.md|Lessons/Grades_1-2_YearB/Week13_Fall_Festival.md|Lessons/Grades_1-2_YearB/Week23_Catholic_Schools.md|Lessons/Grades_1-2_YearB/Week34_Showcase.md|Lessons/Grades_3-4_YearA/Week13_Fall_Celebration.md|Lessons/Grades_3-4_YearA/Week34_STREAM_Expo.md|Lessons/Grades_3-4_YearB/Week18_New_Year_Goals.md|Lessons/Grades_3-4_YearB/Week34_Showcase.md"
"Wooden planks","9","1-2","LESSON SPECIFICATION REQUIRED","Read the actual lesson and identify the exact item or prepared resource; do not invent a substitute or purchase.","Lessons/Bi-Weekly/Grades_1-2_YearA/Session01_Wonder_Engineers.md|Lessons/Bi-Weekly/Grades_1-2_YearB/Session02_Tower_Power.md|Lessons/Grades_1-2_YearA/Week05-06_KEVA_Engineering.md|Lessons/Grades_1-2_YearA/Week10_Strong_Bridges.md|Lessons/Grades_1-2_YearA/Week13_Fall_Celebration.md|Lessons/Grades_1-2_YearA/Week34_Year_Celebration.md|Lessons/Grades_1-2_YearB/Week05-06_Tower_Engineering.md|Lessons/Grades_1-2_YearB/Week13_Fall_Festival.md|Lessons/Grades_1-2_YearB/Week23_Catholic_Schools.md"
"KEVA planks","8","3-4|5-6","LESSON SPECIFICATION REQUIRED","Read the actual lesson and identify the exact item or prepared resource; do not invent a substitute or purchase.","Lessons/Bi-Weekly/Grades_3-4_YearA/Session03_Bridge_Engineering.md|Lessons/Bi-Weekly/Grades_3-4_YearB/Session03_Tower_Challenge.md|Lessons/Bi-Weekly/Grades_5-6_YearA/Session03_Structural_Engineering.md|Lessons/Bi-Weekly/Grades_5-6_YearB/Session03_Architecture.md|Lessons/Grades_3-4_YearA/Week05-06_KEVA_Challenges.md|Lessons/Grades_3-4_YearA/Week13_Fall_Celebration.md|Lessons/Grades_3-4_YearB/Week07-09_Architectural_Marvels.md|Lessons/Grades_5-6_YearA/Week05-06_Structural_Engineering.md"
"Floor tape","7","1-2","AMBIGUOUS MATERIAL TYPE","Specify the tape or adhesive type and safe application; masking or conductive tape and glue sticks are not interchangeable.","Lessons/Bi-Weekly/Grades_1-2_YearA/Session04_Robot_Friends.md|Lessons/Bi-Weekly/Grades_1-2_YearA/Session15_Robot_Challenge.md|Lessons/Bi-Weekly/Grades_1-2_YearB/Session03_Sphero_Intro.md|Lessons/Bi-Weekly/Grades_1-2_YearB/Session14_Sphero_Challenge.md|Lessons/Grades_1-2_YearA/Week02-03_Sphero_Coding.md|Lessons/Grades_1-2_YearA/Week24-25_Dash_Robot_Adventures.md|Lessons/Grades_1-2_YearB/Week02-03_Dash_Adventures.md"
"Cards","7","1-2","LESSON SPECIFICATION REQUIRED","Read the actual lesson and identify the exact item or prepared resource; do not invent a substitute or purchase.","Lessons/Bi-Weekly/Grades_1-2_YearA/Session04_Robot_Friends.md|Lessons/Bi-Weekly/Grades_1-2_YearA/Session08_Coding_Basics.md|Lessons/Bi-Weekly/Grades_1-2_YearA/Session15_Robot_Challenge.md|Lessons/Bi-Weekly/Grades_1-2_YearB/Session03_Sphero_Intro.md|Lessons/Bi-Weekly/Grades_1-2_YearB/Session14_Sphero_Challenge.md|Lessons/Grades_1-2_YearB/Week02-03_Dash_Adventures.md|Lessons/Grades_1-2_YearB/Week28_Math_Games.md"
"optional computer","6","5-6","CONDITIONAL RESOURCE","Confirm the selected optional pathway and item specifications; do not procure automatically.","Lessons/Bi-Weekly/Grades_5-6_YearA/Session09_Catholic_Scientists.md|Lessons/Bi-Weekly/Grades_5-6_YearB/Session09_Science_Faith.md|Lessons/Bi-Weekly/Grades_5-6_YearB/Session16_Innovation_Lab.md|Lessons/Grades_5-6_YearB/Week11_Thanksgiving_Data.md|Lessons/Grades_5-6_YearB/Week12_Gifts_Service.md|Lessons/Grades_5-6_YearB/Week33_Easter_Hope.md"
"Glue","6","1-2|3-4","AMBIGUOUS MATERIAL TYPE","Specify the tape or adhesive type and safe application; masking or conductive tape and glue sticks are not interchangeable.","Lessons/Bi-Weekly/Grades_3-4_YearA/Session04_Animal_Habitats.md|Lessons/Grades_1-2_YearB/Week07-09_Animal_Habitats.md|Lessons/Grades_1-2_YearB/Week19-22_Invention_Labs.md|Lessons/Grades_3-4_YearA/Week12_Giving_Through_Making.md|Lessons/Grades_3-4_YearB/Week07-09_Architectural_Marvels.md|Lessons/Grades_3-4_YearB/Week12_Gifts_Others.md"
"portfolio","6","5-6","DOCUMENTATION FORMAT","Confirm paper or digital evidence format and consumption; a record concept is not a verified notebook purchase.","Lessons/Bi-Weekly/Grades_5-6_YearA/Session17_Exhibition.md|Lessons/Bi-Weekly/Grades_5-6_YearB/Session17_Celebration.md|Lessons/Grades_5-6_YearA/Week13_Fall_Showcase.md|Lessons/Grades_5-6_YearA/Week34_STREAM_Expo.md|Lessons/Grades_5-6_YearB/Week19_New_Year_Vision.md|Lessons/Grades_5-6_YearB/Week34_Exhibition.md"
"tokens","6","3-4","LESSON SPECIFICATION REQUIRED","Read the actual lesson and identify the exact item or prepared resource; do not invent a substitute or purchase.","Lessons/Bi-Weekly/Grades_3-4_YearA/Session02_Dash_Code.md|Lessons/Bi-Weekly/Grades_3-4_YearA/Session05_Scratch_Intro.md|Lessons/Bi-Weekly/Grades_3-4_YearB/Session02_Ozobot_Coding.md|Lessons/Bi-Weekly/Grades_3-4_YearB/Session05_Scratch_Games.md|Lessons/Grades_3-4_YearA/Week02-03_Sphero_Advanced.md|Lessons/Grades_3-4_YearB/Week19-22_Game_Design.md"
"graph paper","5","3-4|5-6","LESSON SPECIFICATION REQUIRED","Read the actual lesson and identify the exact item or prepared resource; do not invent a substitute or purchase.","Lessons/Grades_3-4_YearB/Week11_Thanksgiving_Gratitude.md|Lessons/Grades_3-4_YearB/Week23_Catholic_Schools.md|Lessons/Grades_5-6_YearA/Week29-31_Environmental_Science.md|Lessons/Grades_5-6_YearB/Week11_Thanksgiving_Data.md|Lessons/Grades_5-6_YearB/Week24_Catholic_Schools.md"
"display paper","5","5-6","LESSON SPECIFICATION REQUIRED","Read the actual lesson and identify the exact item or prepared resource; do not invent a substitute or purchase.","Lessons/Bi-Weekly/Grades_5-6_YearA/Session17_Exhibition.md|Lessons/Bi-Weekly/Grades_5-6_YearB/Session17_Celebration.md|Lessons/Grades_5-6_YearA/Week13_Fall_Showcase.md|Lessons/Grades_5-6_YearA/Week34_STREAM_Expo.md|Lessons/Grades_5-6_YearB/Week34_Exhibition.md"
"plastic counters","4","3-4","LESSON SPECIFICATION REQUIRED","Read the actual lesson and identify the exact item or prepared resource; do not invent a substitute or purchase.","Lessons/Bi-Weekly/Grades_3-4_YearA/Session03_Bridge_Engineering.md|Lessons/Bi-Weekly/Grades_3-4_YearA/Session15_Simple_Machines.md|Lessons/Grades_3-4_YearA/Week05-06_KEVA_Challenges.md|Lessons/Grades_3-4_YearA/Week10_Bridge_Engineering.md"
"Scratch","4","5-6","PLATFORM OR ACCESS RESOURCE","Confirm platform or related resource and approved access; this is not automatically a physical supply or free license.","Lessons/Bi-Weekly/Grades_5-6_YearB/Session05_Scratch_Games.md|Lessons/Bi-Weekly/Grades_5-6_YearB/Session07_Advent_Coding.md|Lessons/Grades_5-6_YearA/Week11_Gratitude_Coding.md|Lessons/Grades_5-6_YearA/Week24-25_Advanced_Scratch.md"
"display supplies","4","3-4","LESSON SPECIFICATION REQUIRED","Read the actual lesson and identify the exact item or prepared resource; do not invent a substitute or purchase.","Lessons/Bi-Weekly/Grades_3-4_YearA/Session17_Exhibition.md|Lessons/Bi-Weekly/Grades_3-4_YearB/Session17_Celebration.md|Lessons/Grades_3-4_YearA/Week34_STREAM_Expo.md|Lessons/Grades_3-4_YearB/Week34_Showcase.md"
"sealed 10 g packets","4","5-6","LESSON SPECIFICATION REQUIRED","Read the actual lesson and identify the exact item or prepared resource; do not invent a substitute or purchase.","Lessons/Bi-Weekly/Grades_5-6_YearA/Session03_Structural_Engineering.md|Lessons/Grades_5-6_YearA/Week05-06_Structural_Engineering.md|Lessons/Grades_5-6_YearA/Week10_Advanced_Bridges.md|Lessons/Grades_5-6_YearB/Week08-10_Biomimicry.md"
"Teacher scissors","4","1-2","LESSON SPECIFICATION REQUIRED","Read the actual lesson and identify the exact item or prepared resource; do not invent a substitute or purchase.","Lessons/Grades_1-2_YearA/Week12_Making_Gifts.md|Lessons/Grades_1-2_YearA/Week33_New_Life_Engineering.md|Lessons/Grades_1-2_YearB/Week12_Gifts_Others.md|Lessons/Grades_1-2_YearB/Week29-31_Butterfly_Engineering.md"
"Snap Circuits STEM Classroom Activity Kit","4","3-4|5-6","SAFETY OR COMPATIBILITY SPECIFICATION","Confirm the permitted activity and exact protected parts or material; no generic safety or compatibility equivalence.","Lessons/Bi-Weekly/Grades_3-4_YearA/Session07_Light_Circuits.md|Lessons/Bi-Weekly/Grades_3-4_YearB/Session07_Christmas_Circuits.md|Lessons/Grades_3-4_YearA/Week26-27_Little_Bits_Circuits.md|Lessons/Grades_5-6_YearA/Week26-27_Little_Bits.md"
"manufacturer project diagram","4","3-4|5-6","LESSON SPECIFICATION REQUIRED","Read the actual lesson and identify the exact item or prepared resource; do not invent a substitute or purchase.","Lessons/Bi-Weekly/Grades_3-4_YearA/Session07_Light_Circuits.md|Lessons/Bi-Weekly/Grades_3-4_YearB/Session07_Christmas_Circuits.md|Lessons/Grades_3-4_YearA/Week26-27_Little_Bits_Circuits.md|Lessons/Grades_5-6_YearA/Week26-27_Little_Bits.md"
"String","4","1-2|3-4|5-6","LESSON SPECIFICATION REQUIRED","Read the actual lesson and identify the exact item or prepared resource; do not invent a substitute or purchase.","Lessons/Bi-Weekly/Grades_1-2_YearA/Session10_Weather_Watchers.md|Lessons/Grades_3-4_YearA/Week28_Pi_Day_Circles.md|Lessons/Grades_3-4_YearB/Week28_Pi_Day.md|Lessons/Grades_5-6_YearA/Week28_Pi_Day.md"
"straws","4","3-4|5-6","LESSON SPECIFICATION REQUIRED","Read the actual lesson and identify the exact item or prepared resource; do not invent a substitute or purchase.","Lessons/Bi-Weekly/Grades_5-6_YearA/Session03_Structural_Engineering.md|Lessons/Grades_3-4_YearB/Week10_Fall_Festival.md|Lessons/Grades_5-6_YearA/Week05-06_Structural_Engineering.md|Lessons/Grades_5-6_YearA/Week10_Advanced_Bridges.md"
"scissors","4","3-4","LESSON SPECIFICATION REQUIRED","Read the actual lesson and identify the exact item or prepared resource; do not invent a substitute or purchase.","Lessons/Grades_3-4_YearA/Week07-09_Community_Helpers.md|Lessons/Grades_3-4_YearA/Week12_Giving_Through_Making.md|Lessons/Grades_3-4_YearB/Week12_Gifts_Others.md|Lessons/Grades_3-4_YearB/Week24-27_Sustainable_City.md"
"Drained plastic pots","3","1-2","LESSON SPECIFICATION REQUIRED","Read the actual lesson and identify the exact item or prepared resource; do not invent a substitute or purchase.","Lessons/Bi-Weekly/Grades_1-2_YearB/Session05_Garden_Engineers.md|Lessons/Grades_1-2_YearA/Week29-31_Growing_Things.md|Lessons/Grades_1-2_YearB/Week26-27_Garden_Engineering.md"
"soft ball","3","5-6","LESSON SPECIFICATION REQUIRED","Read the actual lesson and identify the exact item or prepared resource; do not invent a substitute or purchase.","Lessons/Bi-Weekly/Grades_5-6_YearA/Session15_Physics_Motion.md|Lessons/Bi-Weekly/Grades_5-6_YearB/Session15_Energy_Science.md|Lessons/Grades_5-6_YearA/Week04_Experimental_Design.md"
"Optional stickers","3","1-2","CONDITIONAL RESOURCE","Confirm the selected optional pathway and item specifications; do not procure automatically.","Lessons/Bi-Weekly/Grades_1-2_YearA/Session06_Thanksgiving_Service.md|Lessons/Grades_1-2_YearA/Week18_New_Year_Goals.md|Lessons/Grades_1-2_YearB/Week18_Growth_Goals.md"
"Soft eraser","3","1-2","LESSON SPECIFICATION REQUIRED","Read the actual lesson and identify the exact item or prepared resource; do not invent a substitute or purchase.","Lessons/Bi-Weekly/Grades_1-2_YearB/Session02_Tower_Power.md|Lessons/Bi-Weekly/Grades_1-2_YearB/Session15_Simple_Machines.md|Lessons/Grades_1-2_YearB/Week05-06_Tower_Engineering.md"
"optional Sphero BOLT","3","5-6","CONDITIONAL RESOURCE","Confirm the selected optional pathway and item specifications; do not procure automatically.","Lessons/Bi-Weekly/Grades_5-6_YearB/Session07_Advent_Coding.md|Lessons/Bi-Weekly/Grades_5-6_YearB/Session13_New_Life_Tech.md|Lessons/Grades_5-6_YearA/Week02-03_Sphero_Mastery.md"
"fictional user brief","3","5-6","LESSON SPECIFICATION REQUIRED","Read the actual lesson and identify the exact item or prepared resource; do not invent a substitute or purchase.","Lessons/Grades_5-6_YearA/Week07-09_Social_Innovation.md|Lessons/Grades_5-6_YearA/Week12_Giving_Making.md|Lessons/Grades_5-6_YearB/Week25-28_Health_Technology.md"
"Optional camera","3","1-2|5-6","CONDITIONAL RESOURCE","Confirm the selected optional pathway and item specifications; do not procure automatically.","Lessons/Grades_1-2_YearB/Week34_Showcase.md|Lessons/Grades_5-6_YearA/Week34_STREAM_Expo.md|Lessons/Grades_5-6_YearB/Week34_Exhibition.md"
"Sphero BOLT","3","5-6","LESSON SPECIFICATION REQUIRED","Read the actual lesson and identify the exact item or prepared resource; do not invent a substitute or purchase.","Lessons/Bi-Weekly/Grades_5-6_YearA/Session02_Sphero_Advanced.md|Lessons/Bi-Weekly/Grades_5-6_YearA/Session14_Sphero_Challenge.md|Lessons/Bi-Weekly/Grades_5-6_YearB/Session14_Robot_Olympics.md"
"ScratchJr","3","1-2","PLATFORM OR ACCESS RESOURCE","Confirm platform or related resource and approved access; this is not automatically a physical supply or free license.","Lessons/Bi-Weekly/Grades_1-2_YearA/Session08_Coding_Basics.md|Lessons/Grades_1-2_YearA/Week11_Thankful_Coding.md|Lessons/Grades_1-2_YearB/Week11_Thanksgiving_Coding.md"
"certificates","3","5-6","LESSON SPECIFICATION REQUIRED","Read the actual lesson and identify the exact item or prepared resource; do not invent a substitute or purchase.","Lessons/Bi-Weekly/Grades_5-6_YearA/Session17_Exhibition.md|Lessons/Bi-Weekly/Grades_5-6_YearB/Session17_Celebration.md|Lessons/Grades_5-6_YearA/Week34_STREAM_Expo.md"
"Untreated seeds","3","1-2","LESSON SPECIFICATION REQUIRED","Read the actual lesson and identify the exact item or prepared resource; do not invent a substitute or purchase.","Lessons/Bi-Weekly/Grades_1-2_YearB/Session05_Garden_Engineers.md|Lessons/Grades_1-2_YearA/Week29-31_Growing_Things.md|Lessons/Grades_1-2_YearB/Week26-27_Garden_Engineering.md"
"paper screen","3","5-6","LESSON SPECIFICATION REQUIRED","Read the actual lesson and identify the exact item or prepared resource; do not invent a substitute or purchase.","Lessons/Bi-Weekly/Grades_5-6_YearA/Session08_App_Inventor.md|Lessons/Bi-Weekly/Grades_5-6_YearB/Session08_App_Design.md|Lessons/Grades_5-6_YearB/Week14-18_App_Development.md"
"calculator","3","5-6","LESSON SPECIFICATION REQUIRED","Read the actual lesson and identify the exact item or prepared resource; do not invent a substitute or purchase.","Lessons/Grades_5-6_YearA/Week16_Astronomy.md|Lessons/Grades_5-6_YearA/Week28_Pi_Day.md|Lessons/Grades_5-6_YearB/Week20-23_Social_Entrepreneurship.md"
"Pictures","3","1-2|3-4","LESSON SPECIFICATION REQUIRED","Read the actual lesson and identify the exact item or prepared resource; do not invent a substitute or purchase.","Lessons/Bi-Weekly/Grades_1-2_YearA/Session10_Weather_Watchers.md|Lessons/Bi-Weekly/Grades_3-4_YearB/Session15_Compound_Machines.md|Lessons/Grades_1-2_YearB/Week14-15_Stars_Light.md"
"plastic cups","3","3-4","LESSON SPECIFICATION REQUIRED","Read the actual lesson and identify the exact item or prepared resource; do not invent a substitute or purchase.","Lessons/Bi-Weekly/Grades_3-4_YearA/Session12_Plants_Growth.md|Lessons/Bi-Weekly/Grades_3-4_YearA/Session14_Dash_Challenge.md|Lessons/Grades_3-4_YearA/Week14-15_Light_Science_Advent.md"
"Magnifiers","3","1-2","LESSON SPECIFICATION REQUIRED","Read the actual lesson and identify the exact item or prepared resource; do not invent a substitute or purchase.","Lessons/Bi-Weekly/Grades_1-2_YearA/Session05_Nature_Exploration.md|Lessons/Bi-Weekly/Grades_1-2_YearB/Session01_Design_Detectives.md|Lessons/Grades_1-2_YearB/Week01_Welcome_Scientists.md"
"Approved tablets","3","1-2","LESSON SPECIFICATION REQUIRED","Read the actual lesson and identify the exact item or prepared resource; do not invent a substitute or purchase.","Lessons/Bi-Weekly/Grades_1-2_YearA/Session08_Coding_Basics.md|Lessons/Grades_1-2_YearA/Week11_Thankful_Coding.md|Lessons/Grades_1-2_YearB/Week11_Thanksgiving_Coding.md"
"approved research cards","3","3-4","LESSON SPECIFICATION REQUIRED","Read the actual lesson and identify the exact item or prepared resource; do not invent a substitute or purchase.","Lessons/Bi-Weekly/Grades_3-4_YearA/Session09_Catholic_Scientists.md|Lessons/Bi-Weekly/Grades_3-4_YearB/Session09_Faith_Science.md|Lessons/Grades_3-4_YearA/Week23_Catholic_Schools_Week.md"
"Screened cardboard","2","1-2","LESSON SPECIFICATION REQUIRED","Read the actual lesson and identify the exact item or prepared resource; do not invent a substitute or purchase.","Lessons/Bi-Weekly/Grades_1-2_YearA/Session16_Community_Helpers.md|Lessons/Grades_1-2_YearB/Week19-22_Invention_Labs.md"
"official model chart","2","3-4","LESSON SPECIFICATION REQUIRED","Read the actual lesson and identify the exact item or prepared resource; do not invent a substitute or purchase.","Lessons/Bi-Weekly/Grades_3-4_YearB/Session02_Ozobot_Coding.md|Lessons/Bi-Weekly/Grades_3-4_YearB/Session14_Ozobot_Challenge.md"
"NASA Earth data","2","5-6","LESSON SPECIFICATION REQUIRED","Read the actual lesson and identify the exact item or prepared resource; do not invent a substitute or purchase.","Lessons/Bi-Weekly/Grades_5-6_YearB/Session10_Space_Science.md|Lessons/Grades_5-6_YearA/Week16_Astronomy.md"
"Foil","2","1-2","LESSON SPECIFICATION REQUIRED","Read the actual lesson and identify the exact item or prepared resource; do not invent a substitute or purchase.","Lessons/Bi-Weekly/Grades_1-2_YearB/Session07_Star_Makers.md|Lessons/Grades_1-2_YearB/Week14-15_Stars_Light.md"
"Optional Dash/tablet","2","1-2","CONDITIONAL RESOURCE","Confirm the selected optional pathway and item specifications; do not procure automatically.","Lessons/Grades_1-2_YearB/Week13_Fall_Festival.md|Lessons/Grades_1-2_YearB/Week23_Catholic_Schools.md"
"scale","2","5-6","LESSON SPECIFICATION REQUIRED","Read the actual lesson and identify the exact item or prepared resource; do not invent a substitute or purchase.","Lessons/Grades_5-6_YearA/Week05-06_Structural_Engineering.md|Lessons/Grades_5-6_YearA/Week10_Advanced_Bridges.md"
"optional inspected circuit kit","2","5-6","CONDITIONAL RESOURCE","Confirm the selected optional pathway and item specifications; do not procure automatically.","Lessons/Bi-Weekly/Grades_5-6_YearA/Session16_Advanced_Invention.md|Lessons/Grades_5-6_YearA/Week33_Easter_Engineering.md"
"hand lenses","2","3-4","LESSON SPECIFICATION REQUIRED","Read the actual lesson and identify the exact item or prepared resource; do not invent a substitute or purchase.","Lessons/Bi-Weekly/Grades_3-4_YearB/Session10_Geology_Rocks.md|Lessons/Grades_3-4_YearA/Week33_Resurrection_Science.md"
"Optional school photos","2","1-2","CONDITIONAL RESOURCE","Confirm the selected optional pathway and item specifications; do not procure automatically.","Lessons/Bi-Weekly/Grades_1-2_YearA/Session17_Exhibition.md|Lessons/Bi-Weekly/Grades_1-2_YearB/Session17_Celebration.md"
"images","2","5-6","LESSON SPECIFICATION REQUIRED","Read the actual lesson and identify the exact item or prepared resource; do not invent a substitute or purchase.","Lessons/Grades_5-6_YearB/Week01_Welcome_Innovators.md|Lessons/Grades_5-6_YearB/Week25-28_Health_Technology.md"
"low ramp","2","5-6","LESSON SPECIFICATION REQUIRED","Read the actual lesson and identify the exact item or prepared resource; do not invent a substitute or purchase.","Lessons/Bi-Weekly/Grades_5-6_YearA/Session15_Physics_Motion.md|Lessons/Bi-Weekly/Grades_5-6_YearB/Session15_Energy_Science.md"
"life cycle images","2","3-4","LESSON SPECIFICATION REQUIRED","Read the actual lesson and identify the exact item or prepared resource; do not invent a substitute or purchase.","Lessons/Bi-Weekly/Grades_3-4_YearB/Session12_Life_Cycles.md|Lessons/Grades_3-4_YearA/Week33_Resurrection_Science.md"
"insulated leads","2","3-4|5-6","LESSON SPECIFICATION REQUIRED","Read the actual lesson and identify the exact item or prepared resource; do not invent a substitute or purchase.","Lessons/Bi-Weekly/Grades_3-4_YearB/Session16_Makey_Makey.md|Lessons/Bi-Weekly/Grades_5-6_YearA/Session07_Christmas_Electronics.md"
"measuring tapes","2","3-4","LESSON SPECIFICATION REQUIRED","Read the actual lesson and identify the exact item or prepared resource; do not invent a substitute or purchase.","Lessons/Grades_3-4_YearB/Week02-03_Flight_Fundamentals.md|Lessons/Grades_3-4_YearB/Week04-06_Paper_Airplane.md"
"Screened plant/leaf/stone or pictures","2","1-2","LESSON SPECIFICATION REQUIRED","Read the actual lesson and identify the exact item or prepared resource; do not invent a substitute or purchase.","Lessons/Bi-Weekly/Grades_1-2_YearA/Session05_Nature_Exploration.md|Lessons/Grades_1-2_YearA/Week04_Wonder_Walk.md"
"straight-sided plastic cups","2","3-4","LESSON SPECIFICATION REQUIRED","Read the actual lesson and identify the exact item or prepared resource; do not invent a substitute or purchase.","Lessons/Bi-Weekly/Grades_3-4_YearA/Session10_Weather_Science.md|Lessons/Grades_3-4_YearB/Week29-31_Weather_Station.md"
"paper storyboard","2","5-6","LESSON SPECIFICATION REQUIRED","Read the actual lesson and identify the exact item or prepared resource; do not invent a substitute or purchase.","Lessons/Bi-Weekly/Grades_5-6_YearA/Session13_Easter_Tech.md|Lessons/Bi-Weekly/Grades_5-6_YearB/Session13_New_Life_Tech.md"
"trace sheet","2","5-6","LESSON SPECIFICATION REQUIRED","Read the actual lesson and identify the exact item or prepared resource; do not invent a substitute or purchase.","Lessons/Bi-Weekly/Grades_5-6_YearA/Session05_Scratch_Advanced.md|Lessons/Bi-Weekly/Grades_5-6_YearB/Session02_Sphero_Sensors.md"
"plastic circular objects","2","3-4","LESSON SPECIFICATION REQUIRED","Read the actual lesson and identify the exact item or prepared resource; do not invent a substitute or purchase.","Lessons/Grades_3-4_YearA/Week28_Pi_Day_Circles.md|Lessons/Grades_3-4_YearB/Week28_Pi_Day.md"
"clean clay","2","3-4","LESSON SPECIFICATION REQUIRED","Read the actual lesson and identify the exact item or prepared resource; do not invent a substitute or purchase.","Lessons/Bi-Weekly/Grades_3-4_YearB/Session12_Life_Cycles.md|Lessons/Grades_3-4_YearB/Week33_Easter_Engineering.md"
"calendar","2","5-6","LESSON SPECIFICATION REQUIRED","Read the actual lesson and identify the exact item or prepared resource; do not invent a substitute or purchase.","Lessons/Grades_5-6_YearA/Week18_Goal_Engineering.md|Lessons/Grades_5-6_YearB/Week19_New_Year_Vision.md"
"Book","2","1-2","LESSON SPECIFICATION REQUIRED","Read the actual lesson and identify the exact item or prepared resource; do not invent a substitute or purchase.","Lessons/Grades_1-2_YearA/Week12_Making_Gifts.md|Lessons/Grades_1-2_YearB/Week12_Gifts_Others.md"
"Paper plates","2","1-2","LESSON SPECIFICATION REQUIRED","Read the actual lesson and identify the exact item or prepared resource; do not invent a substitute or purchase.","Lessons/Bi-Weekly/Grades_1-2_YearA/Session12_Life_Cycles.md|Lessons/Bi-Weekly/Grades_1-2_YearB/Session12_Butterfly_Wonder.md"
"photos","2","3-4","LESSON SPECIFICATION REQUIRED","Read the actual lesson and identify the exact item or prepared resource; do not invent a substitute or purchase.","Lessons/Bi-Weekly/Grades_3-4_YearB/Session10_Geology_Rocks.md|Lessons/Grades_3-4_YearA/Week29-31_Environmental_STREAM.md"
"tissue strips","2","3-4","LESSON SPECIFICATION REQUIRED","Read the actual lesson and identify the exact item or prepared resource; do not invent a substitute or purchase.","Lessons/Bi-Weekly/Grades_3-4_YearA/Session10_Weather_Science.md|Lessons/Grades_3-4_YearB/Week29-31_Weather_Station.md"
"timer","2","5-6","LESSON SPECIFICATION REQUIRED","Read the actual lesson and identify the exact item or prepared resource; do not invent a substitute or purchase.","Lessons/Bi-Weekly/Grades_5-6_YearB/Session01_Engineering_Thinking.md|Lessons/Grades_5-6_YearA/Week04_Experimental_Design.md"
"plastic trays","2","3-4","LESSON SPECIFICATION REQUIRED","Read the actual lesson and identify the exact item or prepared resource; do not invent a substitute or purchase.","Lessons/Grades_3-4_YearA/Week07-09_Community_Helpers.md|Lessons/Grades_3-4_YearB/Week14-17_Marine_Science.md"
"calendars","2","3-4","LESSON SPECIFICATION REQUIRED","Read the actual lesson and identify the exact item or prepared resource; do not invent a substitute or purchase.","Lessons/Grades_3-4_YearA/Week18_SMART_Goals.md|Lessons/Grades_3-4_YearB/Week18_New_Year_Goals.md"
"verified source packet","2","5-6","LESSON SPECIFICATION REQUIRED","Read the actual lesson and identify the exact item or prepared resource; do not invent a substitute or purchase.","Lessons/Bi-Weekly/Grades_5-6_YearA/Session09_Catholic_Scientists.md|Lessons/Bi-Weekly/Grades_5-6_YearB/Session09_Science_Faith.md"
"Ozobot robots","2","3-4","LESSON SPECIFICATION REQUIRED","Read the actual lesson and identify the exact item or prepared resource; do not invent a substitute or purchase.","Lessons/Bi-Weekly/Grades_3-4_YearB/Session02_Ozobot_Coding.md|Lessons/Bi-Weekly/Grades_3-4_YearB/Session14_Ozobot_Challenge.md"
"Enclosed LED","2","1-2","SAFETY OR COMPATIBILITY SPECIFICATION","Confirm the permitted activity and exact protected parts or material; no generic safety or compatibility equivalence.","Lessons/Bi-Weekly/Grades_1-2_YearA/Session07_Light_in_Darkness.md|Lessons/Grades_1-2_YearA/Week14-15_Light_Explorations.md"
"Teacher hole punch","2","1-2","LESSON SPECIFICATION REQUIRED","Read the actual lesson and identify the exact item or prepared resource; do not invent a substitute or purchase.","Lessons/Grades_1-2_YearA/Week16_Star_of_Wonder.md|Lessons/Grades_1-2_YearB/Week14-15_Stars_Light.md"
"approved App Inventor setup","2","5-6","PLATFORM OR ACCESS RESOURCE","Confirm platform or related resource and approved access; this is not automatically a physical supply or free license.","Lessons/Bi-Weekly/Grades_5-6_YearA/Session08_App_Inventor.md|Lessons/Bi-Weekly/Grades_5-6_YearB/Session08_App_Design.md"
"poster","2","5-6","LESSON SPECIFICATION REQUIRED","Read the actual lesson and identify the exact item or prepared resource; do not invent a substitute or purchase.","Lessons/Grades_5-6_YearA/Week01_Welcome_to_CSTREAM.md|Lessons/Grades_5-6_YearB/Week01_Welcome_Innovators.md"
"organism cards","2","3-4","LESSON SPECIFICATION REQUIRED","Read the actual lesson and identify the exact item or prepared resource; do not invent a substitute or purchase.","Lessons/Bi-Weekly/Grades_3-4_YearB/Session04_Ecosystems.md|Lessons/Grades_3-4_YearB/Week14-17_Marine_Science.md"
"posters","2","3-4","LESSON SPECIFICATION REQUIRED","Read the actual lesson and identify the exact item or prepared resource; do not invent a substitute or purchase.","Lessons/Grades_3-4_YearA/Week01_Welcome_to_CSTREAM.md|Lessons/Grades_3-4_YearB/Week01_Welcome_Scientists.md"
"station supplies","2","5-6","LESSON SPECIFICATION REQUIRED","Read the actual lesson and identify the exact item or prepared resource; do not invent a substitute or purchase.","Lessons/Grades_5-6_YearA/Week23_Catholic_Schools_Week.md|Lessons/Grades_5-6_YearB/Week24_Catholic_Schools.md"
"acrylic mirrors","2","3-4","LESSON SPECIFICATION REQUIRED","Read the actual lesson and identify the exact item or prepared resource; do not invent a substitute or purchase.","Lessons/Grades_3-4_YearA/Week14-15_Light_Science_Advent.md|Lessons/Grades_3-4_YearB/Week13_Advent_Preparation.md"
"planning sheet","2","5-6","LESSON SPECIFICATION REQUIRED","Read the actual lesson and identify the exact item or prepared resource; do not invent a substitute or purchase.","Lessons/Bi-Weekly/Grades_5-6_YearA/Session11_Lenten_Engineering.md|Lessons/Grades_5-6_YearA/Week11_Gratitude_Coding.md"
"Permanently sealed shakers","1","1-2","LESSON SPECIFICATION REQUIRED","Read the actual lesson and identify the exact item or prepared resource; do not invent a substitute or purchase.","Lessons/Grades_1-2_YearB/Week04_Senses_Discovery.md"
"Pattern shapes","1","1-2","LESSON SPECIFICATION REQUIRED","Read the actual lesson and identify the exact item or prepared resource; do not invent a substitute or purchase.","Lessons/Grades_1-2_YearA/Week19-22_Exploration_Stations.md"
"Paper target strips","1","1-2","LESSON SPECIFICATION REQUIRED","Read the actual lesson and identify the exact item or prepared resource; do not invent a substitute or purchase.","Lessons/Grades_1-2_YearB/Week02-03_Dash_Adventures.md"
"ruler ramp","1","3-4","LESSON SPECIFICATION REQUIRED","Read the actual lesson and identify the exact item or prepared resource; do not invent a substitute or purchase.","Lessons/Grades_3-4_YearA/Week04_Scientific_Method.md"
"reference sheet","1","5-6","LESSON SPECIFICATION REQUIRED","Read the actual lesson and identify the exact item or prepared resource; do not invent a substitute or purchase.","Lessons/Grades_5-6_YearA/Week24-25_Advanced_Scratch.md"
"research packet","1","5-6","LESSON SPECIFICATION REQUIRED","Read the actual lesson and identify the exact item or prepared resource; do not invent a substitute or purchase.","Lessons/Grades_5-6_YearA/Week19-22_Passion_Projects.md"
"prisms","1","3-4","LESSON SPECIFICATION REQUIRED","Read the actual lesson and identify the exact item or prepared resource; do not invent a substitute or purchase.","Lessons/Grades_3-4_YearA/Week14-15_Light_Science_Advent.md"
"reading cards","1","5-6","LESSON SPECIFICATION REQUIRED","Read the actual lesson and identify the exact item or prepared resource; do not invent a substitute or purchase.","Lessons/Bi-Weekly/Grades_5-6_YearB/Session02_Sphero_Sensors.md"
"Plastic safety mirrors","1","1-2","LESSON SPECIFICATION REQUIRED","Read the actual lesson and identify the exact item or prepared resource; do not invent a substitute or purchase.","Lessons/Grades_1-2_YearA/Week14-15_Light_Explorations.md"
"Plastic safety prism","1","1-2","LESSON SPECIFICATION REQUIRED","Read the actual lesson and identify the exact item or prepared resource; do not invent a substitute or purchase.","Lessons/Bi-Weekly/Grades_1-2_YearA/Session07_Light_in_Darkness.md"
"ramps","1","3-4","LESSON SPECIFICATION REQUIRED","Read the actual lesson and identify the exact item or prepared resource; do not invent a substitute or purchase.","Lessons/Bi-Weekly/Grades_3-4_YearA/Session15_Simple_Machines.md"
"push switch","1","5-6","LESSON SPECIFICATION REQUIRED","Read the actual lesson and identify the exact item or prepared resource; do not invent a substitute or purchase.","Lessons/Bi-Weekly/Grades_5-6_YearA/Session07_Christmas_Electronics.md"
"pulleys","1","3-4","LESSON SPECIFICATION REQUIRED","Read the actual lesson and identify the exact item or prepared resource; do not invent a substitute or purchase.","Lessons/Bi-Weekly/Grades_3-4_YearA/Session15_Simple_Machines.md"
"protected 2-AA holder","1","5-6","LESSON SPECIFICATION REQUIRED","Read the actual lesson and identify the exact item or prepared resource; do not invent a substitute or purchase.","Lessons/Bi-Weekly/Grades_5-6_YearA/Session07_Christmas_Electronics.md"
"Ruler/board","1","1-2","LESSON SPECIFICATION REQUIRED","Read the actual lesson and identify the exact item or prepared resource; do not invent a substitute or purchase.","Lessons/Bi-Weekly/Grades_1-2_YearB/Session15_Simple_Machines.md"
"prepared images","1","5-6","LESSON SPECIFICATION REQUIRED","Read the actual lesson and identify the exact item or prepared resource; do not invent a substitute or purchase.","Lessons/Bi-Weekly/Grades_5-6_YearA/Session12_Life_Science.md"
"Rigid cardboard ramps","1","1-2","LESSON SPECIFICATION REQUIRED","Read the actual lesson and identify the exact item or prepared resource; do not invent a substitute or purchase.","Lessons/Grades_1-2_YearB/Week10_Ramp_Races.md"
"prism","1","5-6","LESSON SPECIFICATION REQUIRED","Read the actual lesson and identify the exact item or prepared resource; do not invent a substitute or purchase.","Lessons/Grades_5-6_YearA/Week14-15_Optics_Light.md"
"Sealed shakers","1","1-2","LESSON SPECIFICATION REQUIRED","Read the actual lesson and identify the exact item or prepared resource; do not invent a substitute or purchase.","Lessons/Bi-Weekly/Grades_1-2_YearA/Session14_Sound_Engineering.md"
"Rulers/equal units","1","1-2","LESSON SPECIFICATION REQUIRED","Read the actual lesson and identify the exact item or prepared resource; do not invent a substitute or purchase.","Lessons/Grades_1-2_YearB/Week05-06_Tower_Engineering.md"
"Teacher-secured safe samples","1","1-2","LESSON SPECIFICATION REQUIRED","Read the actual lesson and identify the exact item or prepared resource; do not invent a substitute or purchase.","Lessons/Bi-Weekly/Grades_1-2_YearB/Session10_Magnets_Motion.md"
"test sheet","1","5-6","LESSON SPECIFICATION REQUIRED","Read the actual lesson and identify the exact item or prepared resource; do not invent a substitute or purchase.","Lessons/Grades_5-6_YearB/Week14-18_App_Development.md"
"thermometer","1","3-4","LESSON SPECIFICATION REQUIRED","Read the actual lesson and identify the exact item or prepared resource; do not invent a substitute or purchase.","Lessons/Grades_3-4_YearB/Week29-31_Weather_Station.md"
"thermometers","1","3-4","LESSON SPECIFICATION REQUIRED","Read the actual lesson and identify the exact item or prepared resource; do not invent a substitute or purchase.","Lessons/Bi-Weekly/Grades_3-4_YearA/Session10_Weather_Science.md"
"timers","1","3-4","LESSON SPECIFICATION REQUIRED","Read the actual lesson and identify the exact item or prepared resource; do not invent a substitute or purchase.","Lessons/Grades_3-4_YearB/Week04-06_Paper_Airplane.md"
"Toy animals","1","1-2","LESSON SPECIFICATION REQUIRED","Read the actual lesson and identify the exact item or prepared resource; do not invent a substitute or purchase.","Lessons/Grades_1-2_YearB/Week07-09_Animal_Habitats.md"
"Toy car","1","1-2","LESSON SPECIFICATION REQUIRED","Read the actual lesson and identify the exact item or prepared resource; do not invent a substitute or purchase.","Lessons/Bi-Weekly/Grades_1-2_YearB/Session15_Simple_Machines.md"
"Toy cars","1","1-2","LESSON SPECIFICATION REQUIRED","Read the actual lesson and identify the exact item or prepared resource; do not invent a substitute or purchase.","Lessons/Grades_1-2_YearB/Week10_Ramp_Races.md"
"Toy figure","1","1-2","LESSON SPECIFICATION REQUIRED","Read the actual lesson and identify the exact item or prepared resource; do not invent a substitute or purchase.","Lessons/Grades_1-2_YearA/Week26-27_Helping_Hands_Design.md"
"vegetable oil","1","3-4","LESSON SPECIFICATION REQUIRED","Read the actual lesson and identify the exact item or prepared resource; do not invent a substitute or purchase.","Lessons/Grades_3-4_YearB/Week14-17_Marine_Science.md"
"Verified biography cards or plant","1","1-2","LESSON SPECIFICATION REQUIRED","Read the actual lesson and identify the exact item or prepared resource; do not invent a substitute or purchase.","Lessons/Grades_1-2_YearA/Week23_Catholic_Schools_Week.md"
"Verified picture cards","1","1-2","LESSON SPECIFICATION REQUIRED","Read the actual lesson and identify the exact item or prepared resource; do not invent a substitute or purchase.","Lessons/Grades_1-2_YearA/Week01_Welcome_to_CSTREAM.md"
"Verified pictures or classroom plant","1","1-2","LESSON SPECIFICATION REQUIRED","Read the actual lesson and identify the exact item or prepared resource; do not invent a substitute or purchase.","Lessons/Bi-Weekly/Grades_1-2_YearB/Session09_Faith_Scientists.md"
"Verified pictures or pea-picture cards","1","1-2","LESSON SPECIFICATION REQUIRED","Read the actual lesson and identify the exact item or prepared resource; do not invent a substitute or purchase.","Lessons/Bi-Weekly/Grades_1-2_YearA/Session09_Catholic_Inventors.md"
"Vetted species pictures/books","1","1-2","LESSON SPECIFICATION REQUIRED","Read the actual lesson and identify the exact item or prepared resource; do not invent a substitute or purchase.","Lessons/Grades_1-2_YearB/Week07-09_Animal_Habitats.md"
"Washed stone","1","1-2","LESSON SPECIFICATION REQUIRED","Read the actual lesson and identify the exact item or prepared resource; do not invent a substitute or purchase.","Lessons/Bi-Weekly/Grades_1-2_YearB/Session01_Design_Detectives.md"
"Wide plastic trays","1","1-2","LESSON SPECIFICATION REQUIRED","Read the actual lesson and identify the exact item or prepared resource; do not invent a substitute or purchase.","Lessons/Grades_1-2_YearB/Week16_Winter_Wonders.md"
"teacher flashlight","1","3-4","LESSON SPECIFICATION REQUIRED","Read the actual lesson and identify the exact item or prepared resource; do not invent a substitute or purchase.","Lessons/Grades_3-4_YearA/Week07-09_Community_Helpers.md"
"Rulers/equal cubes","1","1-2","LESSON SPECIFICATION REQUIRED","Read the actual lesson and identify the exact item or prepared resource; do not invent a substitute or purchase.","Lessons/Grades_1-2_YearA/Week29-31_Growing_Things.md"
"teacher demonstration tools","1","3-4","LESSON SPECIFICATION REQUIRED","Read the actual lesson and identify the exact item or prepared resource; do not invent a substitute or purchase.","Lessons/Bi-Weekly/Grades_3-4_YearB/Session15_Compound_Machines.md"
"sticky notes","1","3-4","LESSON SPECIFICATION REQUIRED","Read the actual lesson and identify the exact item or prepared resource; do not invent a substitute or purchase.","Lessons/Grades_3-4_YearA/Week01_Welcome_to_CSTREAM.md"
"Safe everyday objects","1","1-2","LESSON SPECIFICATION REQUIRED","Read the actual lesson and identify the exact item or prepared resource; do not invent a substitute or purchase.","Lessons/Bi-Weekly/Grades_1-2_YearB/Session01_Design_Detectives.md"
"safe mystery objects","1","3-4","LESSON SPECIFICATION REQUIRED","Read the actual lesson and identify the exact item or prepared resource; do not invent a substitute or purchase.","Lessons/Grades_3-4_YearB/Week01_Welcome_Scientists.md"
"Safe objects","1","1-2","LESSON SPECIFICATION REQUIRED","Read the actual lesson and identify the exact item or prepared resource; do not invent a substitute or purchase.","Lessons/Bi-Weekly/Grades_1-2_YearA/Session07_Light_in_Darkness.md"
"school-approved data","1","5-6","LESSON SPECIFICATION REQUIRED","Read the actual lesson and identify the exact item or prepared resource; do not invent a substitute or purchase.","Lessons/Grades_5-6_YearB/Week24_Catholic_Schools.md"
"score cards","1","5-6","LESSON SPECIFICATION REQUIRED","Read the actual lesson and identify the exact item or prepared resource; do not invent a substitute or purchase.","Lessons/Bi-Weekly/Grades_5-6_YearA/Session05_Scratch_Advanced.md"
"Screened large objects or pictures","1","1-2","LESSON SPECIFICATION REQUIRED","Read the actual lesson and identify the exact item or prepared resource; do not invent a substitute or purchase.","Lessons/Grades_1-2_YearB/Week01_Welcome_Scientists.md"
"Screened nature pictures","1","1-2","LESSON SPECIFICATION REQUIRED","Read the actual lesson and identify the exact item or prepared resource; do not invent a substitute or purchase.","Lessons/Bi-Weekly/Grades_1-2_YearA/Session02_Gods_Patterns.md"
"Screened optional plant","1","1-2","LESSON SPECIFICATION REQUIRED","Read the actual lesson and identify the exact item or prepared resource; do not invent a substitute or purchase.","Lessons/Grades_1-2_YearB/Week33_New_Life.md"
"sealed ice tray","1","5-6","LESSON SPECIFICATION REQUIRED","Read the actual lesson and identify the exact item or prepared resource; do not invent a substitute or purchase.","Lessons/Grades_5-6_YearA/Week33_Easter_Engineering.md"
"paper tabs","1","5-6","LESSON SPECIFICATION REQUIRED","Read the actual lesson and identify the exact item or prepared resource; do not invent a substitute or purchase.","Lessons/Grades_5-6_YearB/Week05-07_Renewable_Energy.md"
"short yarn pieces","1","3-4","LESSON SPECIFICATION REQUIRED","Read the actual lesson and identify the exact item or prepared resource; do not invent a substitute or purchase.","Lessons/Bi-Weekly/Grades_3-4_YearB/Session04_Ecosystems.md"
"sleeved LED and resistor","1","5-6","SAFETY OR COMPATIBILITY SPECIFICATION","Confirm the permitted activity and exact protected parts or material; no generic safety or compatibility equivalence.","Lessons/Bi-Weekly/Grades_5-6_YearA/Session07_Christmas_Electronics.md"
"Smooth lids","1","1-2","LESSON SPECIFICATION REQUIRED","Read the actual lesson and identify the exact item or prepared resource; do not invent a substitute or purchase.","Lessons/Grades_1-2_YearB/Week04_Senses_Discovery.md"
"Soft toy","1","1-2","LESSON SPECIFICATION REQUIRED","Read the actual lesson and identify the exact item or prepared resource; do not invent a substitute or purchase.","Lessons/Grades_1-2_YearA/Week05-06_KEVA_Engineering.md"
"Spring pictures","1","1-2","LESSON SPECIFICATION REQUIRED","Read the actual lesson and identify the exact item or prepared resource; do not invent a substitute or purchase.","Lessons/Grades_1-2_YearB/Week33_New_Life.md"
"star charts","1","3-4","LESSON SPECIFICATION REQUIRED","Read the actual lesson and identify the exact item or prepared resource; do not invent a substitute or purchase.","Lessons/Grades_3-4_YearA/Week16_Astronomy_Star.md"
"Star pictures","1","1-2","LESSON SPECIFICATION REQUIRED","Read the actual lesson and identify the exact item or prepared resource; do not invent a substitute or purchase.","Lessons/Grades_1-2_YearA/Week16_Star_of_Wonder.md"
"Streamers","1","1-2","LESSON SPECIFICATION REQUIRED","Read the actual lesson and identify the exact item or prepared resource; do not invent a substitute or purchase.","Lessons/Bi-Weekly/Grades_1-2_YearA/Session10_Weather_Watchers.md"
"AA cells","1","5-6","LESSON SPECIFICATION REQUIRED","Read the actual lesson and identify the exact item or prepared resource; do not invent a substitute or purchase.","Lessons/Bi-Weekly/Grades_5-6_YearA/Session07_Christmas_Electronics.md"
"optional tablet","1","5-6","CONDITIONAL RESOURCE","Confirm the selected optional pathway and item specifications; do not procure automatically.","Lessons/Grades_5-6_YearA/Week02-03_Sphero_Mastery.md"
"paper sprite","1","5-6","LESSON SPECIFICATION REQUIRED","Read the actual lesson and identify the exact item or prepared resource; do not invent a substitute or purchase.","Lessons/Bi-Weekly/Grades_5-6_YearA/Session05_Scratch_Advanced.md"
"ecosystem diagram","1","5-6","LESSON SPECIFICATION REQUIRED","Read the actual lesson and identify the exact item or prepared resource; do not invent a substitute or purchase.","Lessons/Bi-Weekly/Grades_5-6_YearB/Session12_Ecosystems.md"
"enclosed-axle pinwheel","1","5-6","LESSON SPECIFICATION REQUIRED","Read the actual lesson and identify the exact item or prepared resource; do not invent a substitute or purchase.","Lessons/Grades_5-6_YearB/Week05-07_Renewable_Energy.md"
"Equal blocks","1","1-2","LESSON SPECIFICATION REQUIRED","Read the actual lesson and identify the exact item or prepared resource; do not invent a substitute or purchase.","Lessons/Grades_1-2_YearA/Week28_Pi_Day_Circles.md"
"Equal cubes/rulers","1","1-2","LESSON SPECIFICATION REQUIRED","Read the actual lesson and identify the exact item or prepared resource; do not invent a substitute or purchase.","Lessons/Grades_1-2_YearA/Week19-22_Exploration_Stations.md"
"event cards","1","5-6","LESSON SPECIFICATION REQUIRED","Read the actual lesson and identify the exact item or prepared resource; do not invent a substitute or purchase.","Lessons/Grades_5-6_YearB/Week14-18_App_Development.md"
"fabric","1","3-4","LESSON SPECIFICATION REQUIRED","Read the actual lesson and identify the exact item or prepared resource; do not invent a substitute or purchase.","Lessons/Grades_3-4_YearA/Week12_Giving_Through_Making.md"
"fictional case packet","1","5-6","LESSON SPECIFICATION REQUIRED","Read the actual lesson and identify the exact item or prepared resource; do not invent a substitute or purchase.","Lessons/Grades_5-6_YearB/Week02-04_Biotechnology.md"
"fictional data","1","5-6","LESSON SPECIFICATION REQUIRED","Read the actual lesson and identify the exact item or prepared resource; do not invent a substitute or purchase.","Lessons/Bi-Weekly/Grades_5-6_YearA/Session10_Environmental_Science.md"
"fictional dataset","1","5-6","LESSON SPECIFICATION REQUIRED","Read the actual lesson and identify the exact item or prepared resource; do not invent a substitute or purchase.","Lessons/Grades_5-6_YearB/Week11_Thanksgiving_Data.md"
"dry foil","1","3-4","LESSON SPECIFICATION REQUIRED","Read the actual lesson and identify the exact item or prepared resource; do not invent a substitute or purchase.","Lessons/Bi-Weekly/Grades_3-4_YearB/Session16_Makey_Makey.md"
"fictional entries","1","5-6","LESSON SPECIFICATION REQUIRED","Read the actual lesson and identify the exact item or prepared resource; do not invent a substitute or purchase.","Lessons/Grades_5-6_YearA/Week11_Gratitude_Coding.md"
"fictional research packet","1","5-6","LESSON SPECIFICATION REQUIRED","Read the actual lesson and identify the exact item or prepared resource; do not invent a substitute or purchase.","Lessons/Grades_5-6_YearB/Week20-23_Social_Entrepreneurship.md"
"fictional service brief","1","5-6","LESSON SPECIFICATION REQUIRED","Read the actual lesson and identify the exact item or prepared resource; do not invent a substitute or purchase.","Lessons/Grades_5-6_YearB/Week12_Gifts_Service.md"
"Five broad blocks/team","1","1-2","LESSON SPECIFICATION REQUIRED","Read the actual lesson and identify the exact item or prepared resource; do not invent a substitute or purchase.","Lessons/Grades_1-2_YearA/Week10_Strong_Bridges.md"
"Five broad equal blocks/pair","1","1-2","LESSON SPECIFICATION REQUIRED","Read the actual lesson and identify the exact item or prepared resource; do not invent a substitute or purchase.","Lessons/Bi-Weekly/Grades_1-2_YearA/Session03_Bridge_Building.md"
"Fixed broad pivot","1","1-2","LESSON SPECIFICATION REQUIRED","Read the actual lesson and identify the exact item or prepared resource; do not invent a substitute or purchase.","Lessons/Bi-Weekly/Grades_1-2_YearB/Session15_Simple_Machines.md"
"floor-safe tape","1","3-4","LESSON SPECIFICATION REQUIRED","Read the actual lesson and identify the exact item or prepared resource; do not invent a substitute or purchase.","Lessons/Grades_3-4_YearB/Week02-03_Flight_Fundamentals.md"
"goal sheet","1","5-6","LESSON SPECIFICATION REQUIRED","Read the actual lesson and identify the exact item or prepared resource; do not invent a substitute or purchase.","Lessons/Grades_5-6_YearA/Week18_Goal_Engineering.md"
"goal sheets","1","5-6","LESSON SPECIFICATION REQUIRED","Read the actual lesson and identify the exact item or prepared resource; do not invent a substitute or purchase.","Lessons/Grades_5-6_YearA/Week01_Welcome_to_CSTREAM.md"
"grid paper","1","5-6","LESSON SPECIFICATION REQUIRED","Read the actual lesson and identify the exact item or prepared resource; do not invent a substitute or purchase.","Lessons/Bi-Weekly/Grades_5-6_YearB/Session03_Architecture.md"
"fictional kWh dataset","1","5-6","LESSON SPECIFICATION REQUIRED","Read the actual lesson and identify the exact item or prepared resource; do not invent a substitute or purchase.","Lessons/Grades_5-6_YearB/Week29-31_Environmental_Monitoring.md"
"Habitat cards","1","1-2","LESSON SPECIFICATION REQUIRED","Read the actual lesson and identify the exact item or prepared resource; do not invent a substitute or purchase.","Lessons/Bi-Weekly/Grades_1-2_YearB/Session04_Animal_Adaptations.md"
"Dominoes","1","1-2","LESSON SPECIFICATION REQUIRED","Read the actual lesson and identify the exact item or prepared resource; do not invent a substitute or purchase.","Lessons/Grades_1-2_YearB/Week24-25_Friendship_Machines.md"
"Dice","1","1-2","LESSON SPECIFICATION REQUIRED","Read the actual lesson and identify the exact item or prepared resource; do not invent a substitute or purchase.","Lessons/Grades_1-2_YearB/Week28_Math_Games.md"
"animal cards","1","3-4","LESSON SPECIFICATION REQUIRED","Read the actual lesson and identify the exact item or prepared resource; do not invent a substitute or purchase.","Lessons/Bi-Weekly/Grades_3-4_YearA/Session04_Animal_Habitats.md"
"Animal pictures","1","1-2","LESSON SPECIFICATION REQUIRED","Read the actual lesson and identify the exact item or prepared resource; do not invent a substitute or purchase.","Lessons/Bi-Weekly/Grades_1-2_YearB/Session04_Animal_Adaptations.md"
"approved Advent content","1","5-6","LESSON SPECIFICATION REQUIRED","Read the actual lesson and identify the exact item or prepared resource; do not invent a substitute or purchase.","Lessons/Grades_5-6_YearB/Week13_Advent_Technology.md"
"approved battery holders","1","3-4","SAFETY OR COMPATIBILITY SPECIFICATION","Confirm the permitted activity and exact protected parts or material; no generic safety or compatibility equivalence.","Lessons/Bi-Weekly/Grades_3-4_YearA/Session16_Little_Bits.md"
"Approved offline tablet/drawing app","1","1-2","PLATFORM OR ACCESS RESOURCE","Confirm platform or related resource and approved access; this is not automatically a physical supply or free license.","Lessons/Bi-Weekly/Grades_1-2_YearB/Session08_Digital_Art.md"
"approved station kits","1","3-4","LESSON SPECIFICATION REQUIRED","Read the actual lesson and identify the exact item or prepared resource; do not invent a substitute or purchase.","Lessons/Grades_3-4_YearA/Week19-22_Choice_Labs.md"
"base cards","1","5-6","LESSON SPECIFICATION REQUIRED","Read the actual lesson and identify the exact item or prepared resource; do not invent a substitute or purchase.","Lessons/Grades_5-6_YearB/Week02-04_Biotechnology.md"
"blunt rock samples","1","3-4","LESSON SPECIFICATION REQUIRED","Read the actual lesson and identify the exact item or prepared resource; do not invent a substitute or purchase.","Lessons/Bi-Weekly/Grades_3-4_YearB/Session10_Geology_Rocks.md"
"business canvas","1","5-6","PLATFORM OR ACCESS RESOURCE","Confirm platform or related resource and approved access; this is not automatically a physical supply or free license.","Lessons/Grades_5-6_YearB/Week20-23_Social_Entrepreneurship.md"
"Diffuse classroom lamp","1","1-2","LESSON SPECIFICATION REQUIRED","Read the actual lesson and identify the exact item or prepared resource; do not invent a substitute or purchase.","Lessons/Grades_1-2_YearA/Week16_Star_of_Wonder.md"
"Cardboard tubes","1","1-2","LESSON SPECIFICATION REQUIRED","Read the actual lesson and identify the exact item or prepared resource; do not invent a substitute or purchase.","Lessons/Grades_1-2_YearB/Week24-25_Friendship_Machines.md"
"circular objects","1","5-6","LESSON SPECIFICATION REQUIRED","Read the actual lesson and identify the exact item or prepared resource; do not invent a substitute or purchase.","Lessons/Grades_5-6_YearA/Week28_Pi_Day.md"
"Clean cardboard","1","1-2","LESSON SPECIFICATION REQUIRED","Read the actual lesson and identify the exact item or prepared resource; do not invent a substitute or purchase.","Lessons/Bi-Weekly/Grades_1-2_YearB/Session16_Earth_Care.md"
"clean recyclables","1","3-4","LESSON SPECIFICATION REQUIRED","Read the actual lesson and identify the exact item or prepared resource; do not invent a substitute or purchase.","Lessons/Grades_3-4_YearA/Week29-31_Environmental_STREAM.md"
"Closed cardboard boxes","1","1-2","LESSON SPECIFICATION REQUIRED","Read the actual lesson and identify the exact item or prepared resource; do not invent a substitute or purchase.","Lessons/Bi-Weekly/Grades_1-2_YearA/Session14_Sound_Engineering.md"
"compatible devices","1","3-4","LESSON SPECIFICATION REQUIRED","Read the actual lesson and identify the exact item or prepared resource; do not invent a substitute or purchase.","Lessons/Grades_3-4_YearA/Week02-03_Sphero_Advanced.md"
"cotton","1","3-4","LESSON SPECIFICATION REQUIRED","Read the actual lesson and identify the exact item or prepared resource; do not invent a substitute or purchase.","Lessons/Grades_3-4_YearB/Week14-17_Marine_Science.md"
"Crystal examples","1","1-2","LESSON SPECIFICATION REQUIRED","Read the actual lesson and identify the exact item or prepared resource; do not invent a substitute or purchase.","Lessons/Grades_1-2_YearB/Week16_Winter_Wonders.md"
"cups","1","3-4","LESSON SPECIFICATION REQUIRED","Read the actual lesson and identify the exact item or prepared resource; do not invent a substitute or purchase.","Lessons/Grades_3-4_YearA/Week10_Bridge_Engineering.md"
"diagrams","1","5-6","LESSON SPECIFICATION REQUIRED","Read the actual lesson and identify the exact item or prepared resource; do not invent a substitute or purchase.","Lessons/Bi-Weekly/Grades_5-6_YearA/Session04_Body_Systems.md"
"Catch boxes","1","1-2","LESSON SPECIFICATION REQUIRED","Read the actual lesson and identify the exact item or prepared resource; do not invent a substitute or purchase.","Lessons/Grades_1-2_YearB/Week10_Ramp_Races.md"
"Ice","1","1-2","LESSON SPECIFICATION REQUIRED","Read the actual lesson and identify the exact item or prepared resource; do not invent a substitute or purchase.","Lessons/Grades_1-2_YearB/Week16_Winter_Wonders.md"
"individual log","1","5-6","LESSON SPECIFICATION REQUIRED","Read the actual lesson and identify the exact item or prepared resource; do not invent a substitute or purchase.","Lessons/Bi-Weekly/Grades_5-6_YearB/Session04_Forensic_Science.md"
"instruction cards","1","5-6","LESSON SPECIFICATION REQUIRED","Read the actual lesson and identify the exact item or prepared resource; do not invent a substitute or purchase.","Lessons/Grades_5-6_YearA/Week23_Catholic_Schools_Week.md"
"optional Scratch","1","5-6","PLATFORM OR ACCESS RESOURCE","Confirm platform or related resource and approved access; this is not automatically a physical supply or free license.","Lessons/Grades_5-6_YearA/Week28_Pi_Day.md"
"optional Scratch computer","1","5-6","PLATFORM OR ACCESS RESOURCE","Confirm platform or related resource and approved access; this is not automatically a physical supply or free license.","Lessons/Bi-Weekly/Grades_5-6_YearA/Session05_Scratch_Advanced.md"
"optional sealed prepared slides","1","5-6","CONDITIONAL RESOURCE","Confirm the selected optional pathway and item specifications; do not procure automatically.","Lessons/Bi-Weekly/Grades_5-6_YearA/Session12_Life_Science.md"
"optional simulation","1","5-6","CONDITIONAL RESOURCE","Confirm the selected optional pathway and item specifications; do not procure automatically.","Lessons/Bi-Weekly/Grades_5-6_YearB/Session10_Space_Science.md"
"optional spreadsheet","1","5-6","CONDITIONAL RESOURCE","Confirm the selected optional pathway and item specifications; do not procure automatically.","Lessons/Grades_5-6_YearB/Week29-31_Environmental_Monitoring.md"
"Wooden planks or cardboard blocks","1","1-2","LESSON SPECIFICATION REQUIRED","Read the actual lesson and identify the exact item or prepared resource; do not invent a substitute or purchase.","Lessons/Grades_1-2_YearA/Week19-22_Exploration_Stations.md"
"output labels","1","5-6","LESSON SPECIFICATION REQUIRED","Read the actual lesson and identify the exact item or prepared resource; do not invent a substitute or purchase.","Lessons/Bi-Weekly/Grades_5-6_YearB/Session02_Sphero_Sensors.md"
"paper base cards","1","5-6","LESSON SPECIFICATION REQUIRED","Read the actual lesson and identify the exact item or prepared resource; do not invent a substitute or purchase.","Lessons/Bi-Weekly/Grades_5-6_YearA/Session12_Life_Science.md"
"paper cards","1","5-6","LESSON SPECIFICATION REQUIRED","Read the actual lesson and identify the exact item or prepared resource; do not invent a substitute or purchase.","Lessons/Bi-Weekly/Grades_5-6_YearA/Session02_Sphero_Advanced.md"
"optional ruler","1","5-6","CONDITIONAL RESOURCE","Confirm the selected optional pathway and item specifications; do not procure automatically.","Lessons/Bi-Weekly/Grades_5-6_YearB/Session04_Forensic_Science.md"
"Paper constellation cards","1","1-2","LESSON SPECIFICATION REQUIRED","Read the actual lesson and identify the exact item or prepared resource; do not invent a substitute or purchase.","Lessons/Grades_1-2_YearB/Week14-15_Stars_Light.md"
"paper dataset","1","5-6","LESSON SPECIFICATION REQUIRED","Read the actual lesson and identify the exact item or prepared resource; do not invent a substitute or purchase.","Lessons/Grades_5-6_YearA/Week29-31_Environmental_Science.md"
"paper evidence packet","1","5-6","LESSON SPECIFICATION REQUIRED","Read the actual lesson and identify the exact item or prepared resource; do not invent a substitute or purchase.","Lessons/Bi-Weekly/Grades_5-6_YearB/Session04_Forensic_Science.md"
"Paper flag","1","1-2","LESSON SPECIFICATION REQUIRED","Read the actual lesson and identify the exact item or prepared resource; do not invent a substitute or purchase.","Lessons/Grades_1-2_YearB/Week24-25_Friendship_Machines.md"
"paper hand fan","1","5-6","LESSON SPECIFICATION REQUIRED","Read the actual lesson and identify the exact item or prepared resource; do not invent a substitute or purchase.","Lessons/Grades_5-6_YearB/Week05-07_Renewable_Energy.md"
"paper loads","1","5-6","LESSON SPECIFICATION REQUIRED","Read the actual lesson and identify the exact item or prepared resource; do not invent a substitute or purchase.","Lessons/Bi-Weekly/Grades_5-6_YearB/Session15_Energy_Science.md"
"paper markers","1","5-6","LESSON SPECIFICATION REQUIRED","Read the actual lesson and identify the exact item or prepared resource; do not invent a substitute or purchase.","Lessons/Grades_5-6_YearA/Week16_Astronomy.md"
"Paper pot circles","1","1-2","LESSON SPECIFICATION REQUIRED","Read the actual lesson and identify the exact item or prepared resource; do not invent a substitute or purchase.","Lessons/Bi-Weekly/Grades_1-2_YearB/Session05_Garden_Engineers.md"
"paper rocket diagram","1","5-6","LESSON SPECIFICATION REQUIRED","Read the actual lesson and identify the exact item or prepared resource; do not invent a substitute or purchase.","Lessons/Bi-Weekly/Grades_5-6_YearA/Session15_Physics_Motion.md"
"paper rule cards","1","5-6","LESSON SPECIFICATION REQUIRED","Read the actual lesson and identify the exact item or prepared resource; do not invent a substitute or purchase.","Lessons/Bi-Weekly/Grades_5-6_YearB/Session05_Scratch_Games.md"
"paper crop tokens","1","3-4","LESSON SPECIFICATION REQUIRED","Read the actual lesson and identify the exact item or prepared resource; do not invent a substitute or purchase.","Lessons/Grades_3-4_YearB/Week10_Fall_Festival.md"
"Optional robots/tablets","1","1-2","CONDITIONAL RESOURCE","Confirm the selected optional pathway and item specifications; do not procure automatically.","Lessons/Grades_1-2_YearA/Week34_Year_Celebration.md"
"Optional robot/tablet","1","1-2","CONDITIONAL RESOURCE","Confirm the selected optional pathway and item specifications; do not procure automatically.","Lessons/Grades_1-2_YearA/Week13_Fall_Celebration.md"
"optional non-glass thermometer","1","5-6","CONDITIONAL RESOURCE","Confirm the selected optional pathway and item specifications; do not procure automatically.","Lessons/Grades_5-6_YearA/Week29-31_Environmental_Science.md"
"labels","1","3-4","LESSON SPECIFICATION REQUIRED","Read the actual lesson and identify the exact item or prepared resource; do not invent a substitute or purchase.","Lessons/Bi-Weekly/Grades_3-4_YearA/Session12_Plants_Growth.md"
"Large balls","1","1-2","LESSON SPECIFICATION REQUIRED","Read the actual lesson and identify the exact item or prepared resource; do not invent a substitute or purchase.","Lessons/Grades_1-2_YearB/Week24-25_Friendship_Machines.md"
"Large clean texture objects","1","1-2","LESSON SPECIFICATION REQUIRED","Read the actual lesson and identify the exact item or prepared resource; do not invent a substitute or purchase.","Lessons/Grades_1-2_YearB/Week04_Senses_Discovery.md"
"Large intact encased magnets","1","1-2","SAFETY OR COMPATIBILITY SPECIFICATION","Confirm the permitted activity and exact protected parts or material; no generic safety or compatibility equivalence.","Lessons/Bi-Weekly/Grades_1-2_YearB/Session10_Magnets_Motion.md"
"Large pattern blocks","1","1-2","LESSON SPECIFICATION REQUIRED","Read the actual lesson and identify the exact item or prepared resource; do not invent a substitute or purchase.","Lessons/Bi-Weekly/Grades_1-2_YearA/Session02_Gods_Patterns.md"
"Large pattern/counting pieces","1","1-2","LESSON SPECIFICATION REQUIRED","Read the actual lesson and identify the exact item or prepared resource; do not invent a substitute or purchase.","Lessons/Grades_1-2_YearB/Week28_Math_Games.md"
"Large smooth lids","1","1-2","LESSON SPECIFICATION REQUIRED","Read the actual lesson and identify the exact item or prepared resource; do not invent a substitute or purchase.","Lessons/Grades_1-2_YearA/Week28_Pi_Day_Circles.md"
"lens","1","5-6","LESSON SPECIFICATION REQUIRED","Read the actual lesson and identify the exact item or prepared resource; do not invent a substitute or purchase.","Lessons/Grades_5-6_YearA/Week14-15_Optics_Light.md"
"lever","1","5-6","LESSON SPECIFICATION REQUIRED","Read the actual lesson and identify the exact item or prepared resource; do not invent a substitute or purchase.","Lessons/Bi-Weekly/Grades_5-6_YearB/Session15_Energy_Science.md"
"low supports","1","5-6","LESSON SPECIFICATION REQUIRED","Read the actual lesson and identify the exact item or prepared resource; do not invent a substitute or purchase.","Lessons/Grades_5-6_YearB/Week08-10_Biomimicry.md"
"low-brightness flashlight","1","5-6","LESSON SPECIFICATION REQUIRED","Read the actual lesson and identify the exact item or prepared resource; do not invent a substitute or purchase.","Lessons/Grades_5-6_YearA/Week14-15_Optics_Light.md"
"media tools","1","5-6","LESSON SPECIFICATION REQUIRED","Read the actual lesson and identify the exact item or prepared resource; do not invent a substitute or purchase.","Lessons/Bi-Weekly/Grades_5-6_YearA/Session13_Easter_Tech.md"
"mercy guide","1","5-6","LESSON SPECIFICATION REQUIRED","Read the actual lesson and identify the exact item or prepared resource; do not invent a substitute or purchase.","Lessons/Bi-Weekly/Grades_5-6_YearB/Session11_Mercy_Engineering.md"
"model feature cards","1","3-4","LESSON SPECIFICATION REQUIRED","Read the actual lesson and identify the exact item or prepared resource; do not invent a substitute or purchase.","Lessons/Grades_3-4_YearB/Week24-27_Sustainable_City.md"
"optional approved App Inventor setup","1","5-6","PLATFORM OR ACCESS RESOURCE","Confirm platform or related resource and approved access; this is not automatically a physical supply or free license.","Lessons/Grades_5-6_YearB/Week14-18_App_Development.md"
"Optional approved live kit","1","1-2","CONDITIONAL RESOURCE","Confirm the selected optional pathway and item specifications; do not procure automatically.","Lessons/Grades_1-2_YearB/Week29-31_Butterfly_Engineering.md"
"optional BOLT and tablet","1","5-6","CONDITIONAL RESOURCE","Confirm the selected optional pathway and item specifications; do not procure automatically.","Lessons/Bi-Weekly/Grades_5-6_YearB/Session02_Sphero_Sensors.md"
"Optional cleared secured bands","1","1-2","CONDITIONAL RESOURCE","Confirm the selected optional pathway and item specifications; do not procure automatically.","Lessons/Bi-Weekly/Grades_1-2_YearA/Session14_Sound_Engineering.md"
"optional guarded fan","1","5-6","CONDITIONAL RESOURCE","Confirm the selected optional pathway and item specifications; do not procure automatically.","Lessons/Grades_5-6_YearB/Week05-07_Renewable_Energy.md"
"optional magnifier","1","5-6","CONDITIONAL RESOURCE","Confirm the selected optional pathway and item specifications; do not procure automatically.","Lessons/Bi-Weekly/Grades_5-6_YearB/Session04_Forensic_Science.md"
"Optional magnifiers","1","1-2","CONDITIONAL RESOURCE","Confirm the selected optional pathway and item specifications; do not procure automatically.","Lessons/Grades_1-2_YearA/Week04_Wonder_Walk.md"
"paper story cards","1","5-6","LESSON SPECIFICATION REQUIRED","Read the actual lesson and identify the exact item or prepared resource; do not invent a substitute or purchase.","Lessons/Bi-Weekly/Grades_5-6_YearB/Session07_Advent_Coding.md"
"Yarn","1","1-2","LESSON SPECIFICATION REQUIRED","Read the actual lesson and identify the exact item or prepared resource; do not invent a substitute or purchase.","Lessons/Grades_1-2_YearA/Week28_Pi_Day_Circles.md"
