"metric","value","evidence_type"
"lesson_documents","251","DOCUMENT INVENTORY AND PLANNED USE; NOT PHYSICAL STOCK OR STUDENT MASTERY"
"rebuilt_documents","251","DOCUMENT INVENTORY AND PLANNED USE; NOT PHYSICAL STOCK OR STUDENT MASTERY"
"improved_documents","0","DOCUMENT INVENTORY AND PLANNED USE; NOT PHYSICAL STOCK OR STUDENT MASTERY"
"unchanged_documents","0","DOCUMENT INVENTORY AND PLANNED USE; NOT PHYSICAL STOCK OR STUDENT MASTERY"
"planned_meetings_all_alternative_tracks","345","DOCUMENT INVENTORY AND PLANNED USE; NOT PHYSICAL STOCK OR STUDENT MASTERY"
"local_standard_evidence_links","929","DOCUMENT INVENTORY AND PLANNED USE; NOT PHYSICAL STOCK OR STUDENT MASTERY"
"physical_catalog_identities","114","DOCUMENT INVENTORY AND PLANNED USE; NOT PHYSICAL STOCK OR STUDENT MASTERY"
"declared_resource_identities","32","DOCUMENT INVENTORY AND PLANNED USE; NOT PHYSICAL STOCK OR STUDENT MASTERY"
"material_resource_term_occurrences","2158","DOCUMENT INVENTORY AND PLANNED USE; NOT PHYSICAL STOCK OR STUDENT MASTERY"
"resolved_physical_name_occurrences","1965","DOCUMENT INVENTORY AND PLANNED USE; NOT PHYSICAL STOCK OR STUDENT MASTERY"
"declared_resource_occurrences","189","DOCUMENT INVENTORY AND PLANNED USE; NOT PHYSICAL STOCK OR STUDENT MASTERY"
"reported_stock_occurrences","4","DOCUMENT INVENTORY AND PLANNED USE; NOT PHYSICAL STOCK OR STUDENT MASTERY"
"unresolved_distinct_terms","0","DOCUMENT INVENTORY AND PLANNED USE; NOT PHYSICAL STOCK OR STUDENT MASTERY"
"unresolved_term_occurrences","0","DOCUMENT INVENTORY AND PLANNED USE; NOT PHYSICAL STOCK OR STUDENT MASTERY"
