item_id,quantity_250,quantity_500,quantity_1000,quantity_2500
PAPER,500,500,1000,4000
CARD,100,100,100,700
INDEX,400,400,400,2800
STICK,500,500,1000,4000
TAPE,6,6,12,48
CUP,100,100,200,800
STRING,100,100,100,700
FOIL,10,10,10,70
TRAY,9,9,9,9
BIN,4,4,8,8
RULER,9,9,9,9
PACK,9,9,9,9
LED,9,9,9,9
LEAD,36,36,36,36
AA,36,54,54,270
LABEL,1,1,1,1
MAGNIFIER,0,9,9,9
TIMER,0,9,9,9
THERM,0,9,9,9
MEASURECUP,0,9,9,9
FLASH,0,9,9,9
BLOCK,0,9,9,9
BALANCE,0,1,1,1
TAPEMEASURE,0,9,9,9
SEED,0,1,1,7
SOIL,0,5,5,35
POT,0,25,25,175
PULLEY,0,0,9,9
MIRROR,0,0,9,9
CLAY,0,0,9,9
SPRING,0,0,9,9
FERRITE,0,0,9,9
MUSIC,0,0,9,9
DIGITALBALANCE,0,0,9,0
PENCILSET,0,0,9,9
ROBOT,0,0,0,9
CHARGING,0,0,0,1
