"service_id","service_or_platform","official_url","lesson_use","account_owner","minimum_age_and_consent","personal_data_collected","advertising_tracking_sharing","terms_version_and_review_date","offline_capability","keyboard_accessibility","switch_accessibility","captions_audio_alternative","supported_device_version","teacher_setup_login_burden","school_approver_and_date","objective_equivalent_fallback","execution_evidence_deferred","approval_status"
"SCRATCH","Scratch","https://scratch.mit.edu/","Create run and debug executable programs","VERIFICATION REQUIRED","VERIFICATION REQUIRED against current terms and school consent policy","VERIFICATION REQUIRED for selected account/save mode","VERIFICATION REQUIRED for selected mode and sharing settings","VERIFICATION REQUIRED","VERIFICATION REQUIRED; test selected editor","VERIFICATION REQUIRED","VERIFICATION REQUIRED","Provide teacher-read directions and non-audio visual feedback where available; verify actual project","VERIFICATION REQUIRED","Preload/test project and managed logins; measure actual minutes","VERIFICATION REQUIRED","Trace and debug the same algorithm on paper or with role-play","Actual program execution saving and interactive debugging","HOLD"
"SCRATCHJR","ScratchJr","https://www.scratchjr.org/","Create run and debug block sequences","VERIFICATION REQUIRED","VERIFICATION REQUIRED against current app/store terms and school consent policy","VERIFICATION REQUIRED for installed configuration","VERIFICATION REQUIRED for installed configuration","VERIFICATION REQUIRED","Test installed app without network","VERIFICATION REQUIRED","VERIFICATION REQUIRED","Teacher models icons orally; verify sound alternatives","VERIFICATION REQUIRED","Install/update/preload and test managed tablets; measure actual minutes","VERIFICATION REQUIRED","Trace and debug the same sequence with large paper blocks","Actual app execution and saved project behavior","HOLD"
"APPINVENTOR","MIT App Inventor","https://appinventor.mit.edu/","Design test and debug an executable app","VERIFICATION REQUIRED","VERIFICATION REQUIRED against current terms and school consent policy","VERIFICATION REQUIRED for account pairing and storage","VERIFICATION REQUIRED for selected account and sharing settings","VERIFICATION REQUIRED","VERIFICATION REQUIRED; paired test may require network","VERIFICATION REQUIRED","VERIFICATION REQUIRED","Provide text/diagram alternative for audio-only output; verify actual components","VERIFICATION REQUIRED","Configure accounts pairing and test device; measure actual minutes","VERIFICATION REQUIRED","Paper interface and event-flow trace using the same user need","Actual compilation pairing device execution and debugging","HOLD"
"TINKERCAD","Tinkercad","https://www.tinkercad.com/","Create and revise a digital 3D model or circuit simulation","VERIFICATION REQUIRED","VERIFICATION REQUIRED against current education-account terms and school consent policy","VERIFICATION REQUIRED for class account and saved work","VERIFICATION REQUIRED for class account and gallery/sharing settings","VERIFICATION REQUIRED","VERIFICATION REQUIRED; browser service normally network dependent","VERIFICATION REQUIRED","VERIFICATION REQUIRED","Teacher provides labeled screenshots/read-aloud; verify interface","VERIFICATION REQUIRED","Create class access preload model and test browser; measure actual minutes","VERIFICATION REQUIRED","Build and revise a physical paper/card model under the same criteria","Digital tool operation saved model and simulation behavior","HOLD"
"CODEORG","Code.org","https://code.org/","Run and debug selected coding activities","VERIFICATION REQUIRED","VERIFICATION REQUIRED against current student-account terms and school consent policy","VERIFICATION REQUIRED for selected course and login mode","VERIFICATION REQUIRED for selected course and sharing settings","VERIFICATION REQUIRED","VERIFICATION REQUIRED; test selected activity","VERIFICATION REQUIRED","VERIFICATION REQUIRED","Verify captions/transcripts for selected media; provide text directions","VERIFICATION REQUIRED","Select exact activity configure access and test logins; measure actual minutes","VERIFICATION REQUIRED","Trace and debug equivalent finite algorithms with cards/grid","Actual online execution progress and tool-specific debugging","HOLD"
"OZOBOT","Ozobot instructions/software","https://ozobot.com/","Operate and debug the actual matching robot","School-managed device if software is used; otherwise no student account expected - VERIFY","Verify actual model/app terms and school consent policy","VERIFICATION REQUIRED for selected model/app","VERIFICATION REQUIRED for selected model/app","VERIFICATION REQUIRED","Model/chart route may work offline; verify actual app pathway","VERIFICATION REQUIRED","VERIFICATION REQUIRED","Provide visual and oral route feedback; verify app audio","VERIFICATION REQUIRED exact robot/chart/app","Identify model calibrate media charge and pretest; measure actual minutes","VERIFICATION REQUIRED","Trace the same route with a pointer and paper code","Robot calibration sensing motion and live debugging","HOLD"
"DASHAPP","Dash/Blockly controls","https://www.makewonder.com/","Program and test Dash motion/input behavior","VERIFICATION REQUIRED for installed app configuration","Verify current app/store terms and school consent policy","VERIFICATION REQUIRED for installed app and saved projects","VERIFICATION REQUIRED for installed app","VERIFICATION REQUIRED","Test installed app/robot pairing without network","VERIFICATION REQUIRED","VERIFICATION REQUIRED","Provide visual/oral command route; verify sound alternatives","VERIFICATION REQUIRED exact host app and robot","Charge pair set safe speed/stop and test turns; measure actual minutes","VERIFICATION REQUIRED","Trace and debug the same route with a pointer and paper blocks","Robot pairing motion sensing and live debugging","HOLD"
"SPHEROAPP","Sphero Edu controls","https://sphero.com/","Program and test Sphero motion/sensor behavior","VERIFICATION REQUIRED for installed app configuration","Verify current app/store terms and school consent policy","VERIFICATION REQUIRED for installed app and saved projects","VERIFICATION REQUIRED for installed app","VERIFICATION REQUIRED","Test installed app/robot pairing without network","VERIFICATION REQUIRED","VERIFICATION REQUIRED","Provide visual/oral command route; verify sound alternatives","VERIFICATION REQUIRED exact host app and robot","Charge aim pair set safe speed/stop and test turns; measure actual minutes","VERIFICATION REQUIRED","Trace/debug the same route and analyze supplied sensor data","Robot pairing motion sensing live data and debugging","HOLD"
"MUSICLAB","Chrome Music Lab","https://musiclab.chromeexperiments.com/","Compose test and revise a digital sound pattern","No account expected for common activities - VERIFY current selected activity","Verify current site terms and school policy","VERIFICATION REQUIRED for selected activity/browser","VERIFICATION REQUIRED for selected activity/browser","VERIFICATION REQUIRED","VERIFICATION REQUIRED; browser service normally network dependent","VERIFICATION REQUIRED","VERIFICATION REQUIRED","Use visual rhythm/body-percussion alternative; verify selected activity audio controls","VERIFICATION REQUIRED","Open exact activity set volume and test devices; measure actual minutes","VERIFICATION REQUIRED","Compose and revise the same pattern with body percussion/cards","Digital tool manipulation playback and saved/share behavior","HOLD"
"IMPRESS","LibreOffice Impress","https://www.libreoffice.org/discover/impress/","Create revise save and present a digital slide","School-managed local profile; no external student account expected - VERIFY","Verify school software policy","Local file may contain student work; storage and naming policy VERIFICATION REQUIRED","No advertising expected in installed open-source software - verify build/distribution","VERIFICATION REQUIRED installed version","Expected offline after installation - verify","VERIFICATION REQUIRED","VERIFICATION REQUIRED","Caption embedded media and provide text/audio alternatives","VERIFICATION REQUIRED installed version and OS","Install/preload template and test save/reopen path; measure actual minutes","VERIFICATION REQUIRED","Create and revise a paper poster with the same audience/evidence criteria","Digital file creation formatting saving reopening and presentation controls","HOLD"
"SCRATCHMUSIC","Scratch Music extension","https://scratch.mit.edu/","Create run and revise executable music code","VERIFICATION REQUIRED","VERIFICATION REQUIRED against current Scratch terms and school consent policy","VERIFICATION REQUIRED for selected account/save mode","VERIFICATION REQUIRED for selected mode and sharing settings","VERIFICATION REQUIRED","VERIFICATION REQUIRED; test extension availability","VERIFICATION REQUIRED","VERIFICATION REQUIRED","Provide visual rhythm/body-percussion alternative and volume control","VERIFICATION REQUIRED","Preload extension/project and test audio; measure actual minutes","VERIFICATION REQUIRED","Compose and debug the same pattern using cards/body percussion","Executable music code extension behavior saving and playback","HOLD"
