lesson_path,grade_band,schedule,rotation,unit,title,meetings,minutes,status,priority,rationale,local_standards,evidence,materials,technology,prep,cleanup,scope,revision
Lessons/Grades_5-6_YearA/Week01_Welcome_to_CSTREAM.md,5-6,Weekly,A,Foundations,Welcome to C-STREAM,1,45,KEEP + IMPROVE,P0,Full source/claim cards and measurable school goal replace unsupported history and private goals,CST-C1|CST-E1,Individual supported/unsupported distinction and testable criterion/constraint and listening action,Plain paper|School pencil|Prepared resource: dated learning records|Metric ruler|School-approved marker|Classroom board|Teacher timer,None,First 15 min; repeat 10 min,4 min included,CORE,rebuilt
Lessons/Grades_5-6_YearA/Week02-03_Sphero_Mastery.md,5-6,Weekly,A,Computing,Sphero Mastery,2,45,REBUILD,P1,Preserved reference with measured paper routes and bounded robot option; advanced features deferred,CST-T2|CST-M1|CST-C2,Individual four-turn trace and three endpoint measurements and safety/access explanation,Plain paper|Metric ruler|School pencil|Prepared resource: dated learning records|Masking tape|BOLT|Tablet|Access: matching Sphero controls,Recommended,First 25 min; repeat 10 min; devices extra,4 min per meeting included,CORE,rebuilt
Lessons/Grades_5-6_YearA/Week04_Experimental_Design.md,5-6,Weekly,A,Investigation,Experimental Design,1,45,REBUILD,P0,Complete controlled ramp kit and six-trial protocol replace broad unsafe experiment choices,CST-S2|CST-M2|CST-C1,Individual six valid values with cm and IV/DV/two controls and numerical comparison/limit,Plain paper|School pencil|Clean corrugated cardboard|Large soft ball|Team sorting tray|Metric ruler|books|Masking tape|Classroom board|Teacher timer,None,First 20 min; repeat 10 min,4 min included,CORE,rebuilt
Lessons/Grades_5-6_YearA/Week05-06_Structural_Engineering.md,5-6,Weekly,A,Structures,Structural Engineering,2,45,KEEP + IMPROVE,P0,Complete two-meeting form/force comparison with bounded serial loads and checked mass-ratio limits,CST-S3|CST-E2|CST-M3,Individual force path and two dated tests/revision and equal-unit ratio with actual or labeled fictional mass,Plain paper|School pencil|books|Team sorting tray|Metric ruler|Masking tape|Sealed load packet|Compact digital balance|Classroom board|Teacher timer,None,First 25 min; repeat 15 min,4 min per meeting included,CORE,rebuilt
Lessons/Grades_5-6_YearA/Week07-09_Social_Innovation.md,5-6,Weekly,A,Service,Social Innovation,3,45,KEEP + IMPROVE,P0,Complete fictional choice-table brief/tests/costs and dignity safeguards replace stereotypes and vague kits,CST-C2|CST-E1|CST-E3|CST-M3,Individual criterion/constraint and four requests/retest and 2-dollar example and supported dignity/limit defense,Plain paper|School pencil|Cardstock|Clean corrugated cardboard|Metric ruler|School-approved marker|Blunt school scissors|Masking tape|Classroom board|Teacher timer,None,First 20 min; repeat 10 min,4 min per meeting included,CORE,rebuilt
Lessons/Grades_5-6_YearA/Week10_Advanced_Bridges.md,5-6,Weekly,A,Structures,Advanced Bridges,1,45,KEEP + IMPROVE,P0,Bounded 20 cm bridge comparison replaces rushed oversized span and destructive/overclaimed loads,CST-E2|CST-M3|CST-S3,Individual two safe shape tests and force path and equal-unit ratio/revision with limitation,Plain paper|School pencil|books|Team sorting tray|Metric ruler|Masking tape|Sealed load packet|Compact digital balance|Classroom board|Teacher timer,None,First 20 min; repeat 10 min,4 min included,RECOMMENDED,rebuilt
Lessons/Grades_5-6_YearA/Week11_Gratitude_Coding.md,5-6,Weekly,A,Computing,Gratitude Coding,1,45,KEEP + IMPROVE,P0,Complete list starter/guards/reset and fictional inputs; three preloaded setups can serve nine balanced teams in three timed waves,CST-T2|CST-T3|CST-C2,Individual 0/1/2/2/0 length trace and first-item retrieval and corrected test and privacy/opt-out reason; device turn separate,Plain paper|School pencil|Computer|Classroom board|Teacher timer|Access: Scratch,Required,First 25 min; repeat 15 min; approved preloading/setup extra,4 min included,RECOMMENDED,rebuilt
Lessons/Grades_5-6_YearA/Week12_Giving_Making.md,5-6,Weekly,A,Service,Giving and Making,1,45,KEEP + IMPROVE,P0,Complete welcome-card brief/layout/readability test removes patient/adaptive/electrical gift paths,CST-C2|CST-E1|CST-A2,Individual criterion/constraint and two reader checks/revision and purposeful layout/recipient choice,Cardstock|Plain paper|School pencil|Metric ruler|School-approved marker|Classroom board|Teacher timer,None,First 15 min; repeat 10 min,4 min included,RECOMMENDED,rebuilt
Lessons/Grades_5-6_YearA/Week13_Fall_Showcase.md,5-6,Weekly,A,Communication,Fall Showcase,1,45,KEEP + IMPROVE,P2,Complete scaled evidence exchanges and caption rubric replace event/mastery assumptions,CST-E3|CST-A3|CST-C2,Individual recorded result/limit and reader question/caption revision and accessible sharing choice,Prepared resource: dated learning records|Plain paper|School pencil|Metric ruler|School-approved marker|Classroom board|Teacher timer,None,First 15 min; repeat 10 min,4 min included,OPTIONAL,rebuilt
Lessons/Grades_5-6_YearA/Week14-15_Optics_Light.md,5-6,Weekly,A,Physical Science,Optics and Light,2,45,KEEP + IMPROVE,P0,Complete reflection/refraction kit and two-mirror periscope; explicit adult measuring cup prevents assuming observation cups are calibrated,CST-S3|CST-T1|CST-A1,Individual process distinction and three-segment ray path and observed tool turn/repair and model limit,Plain paper|School pencil|Nonbreakable mirror|Clean corrugated cardboard|Metric ruler|Transparent plastic cup|Plastic graduated measuring cup|Team sorting tray|Water|Masking tape|Enclosed 2-AA flashlight|Classroom board|Teacher timer,None,First 30 min; repeat 15 min,4 min per meeting included,CORE,rebuilt
Lessons/Grades_5-6_YearA/Week16_Astronomy.md,5-6,Weekly,A,Earth and Space,Astronomy,1,45,KEEP + IMPROVE,P0,Verified NASA fact card and distance-only scale replace mixed scales and unsupported cosmic/history statistics,CST-S3|CST-M3|CST-C1,Individual 1/2 AU conversions and distance-versus-size limit and evidence/faith distinction,Plain paper|School pencil|Metric ruler|Calculator|Classroom board|Teacher timer,None,First 15 min; repeat 10 min,4 min included,CORE,rebuilt
Lessons/Grades_5-6_YearA/Week18_Goal_Engineering.md,5-6,Weekly,A,Planning,Goal Engineering,1,45,KEEP + IMPROVE,P2,Complete three-milestone project timeline and 30-minute budget replace private health/spiritual goal requirements,CST-E1|CST-M2|CST-C3,Individual criterion/constraint and three checkable milestones/dependency and correct budget/resource tradeoff,Plain paper|School pencil|Prepared resource: dated learning records|Metric ruler|Classroom board|Teacher timer,None,First 10 min; repeat 5 min,4 min included,RECOMMENDED,rebuilt
Lessons/Grades_5-6_YearA/Week19-22_Passion_Projects.md,5-6,Weekly,A,Capstone,Passion Projects,4,45,REBUILD,P1,Complete science/music/coding choice and four dated meetings; coding choice has specific three-setup baseline/retest waves without larger groups,CST-E1|CST-E2|CST-E3|CST-C3,Individual approved proposal and baseline/retest and checked route math and supported defense/limit/resource choice; device evidence separate,Plain paper|School pencil|Cardstock|Clean corrugated cardboard|Metric ruler|School-approved marker|Blunt school scissors|Team sorting tray|Large soft ball|books|Masking tape|Computer|Classroom board|Teacher timer|Access: Scratch,Recommended,First 30 min; repeat 15 min; approved preloading/setup extra,4 min per meeting included,CORE,rebuilt
Lessons/Grades_5-6_YearA/Week23_Catholic_Schools_Week.md,5-6,Weekly,A,Service,Catholic Schools Week,1,45,KEEP + IMPROVE,P1,Complete six-minute paper-shape station and individual rehearsal checks; buddy event remains separately scheduled,CST-C2|CST-E3,Individual accurate concept/result/limit and learner response and revised instruction/access decision,Plain paper|School pencil|books|Cardstock|Metric ruler|Classroom board|Teacher timer,None,First 15 min; repeat 10 min,4 min included,OPTIONAL,rebuilt
Lessons/Grades_5-6_YearA/Week24-25_Advanced_Scratch.md,5-6,Weekly,A,Computing,Advanced Scratch,2,45,REBUILD,P1,Complete parameter/Pen and finite local-state clone starters; three-setup waves include every pupil edit/run in each meeting,CST-T2|CST-T3|CST-A2,Individual 160/320-step call check and clone slots/positions and corrected test and feedback/storage reason; runtime turn separate,Plain paper|School pencil|Computer|Metric ruler|Classroom board|Teacher timer|Access: Scratch,Required,First 30 min; repeat 15 min; approved preloading/setup extra,4 min per meeting included,RECOMMENDED,rebuilt
Lessons/Grades_5-6_YearA/Week26-27_Little_Bits.md,5-6,Weekly,A,Physical Computing,Snap Circuits - Accessible Indicators,2,45,REBUILD,P0,Preserved Snap reference and eight-kit station/wave/manual gates; separate protected-AA four-state route unchanged,CST-S3|CST-T1|CST-E2|CST-C2,Individual full path and two-state predictions/two cycles and physical turn and repair and before/after 1 m label test and access tradeoff; separate protected-AA route retains four states; preflight remains gated,Snap Circuits STEM Classroom Activity Kit|Access: matching Snap Circuits manual|Team sorting tray|Plain paper|Cardstock|Metric ruler|School pencil|School-approved marker,None,First inspection 30 min; repeat prep 15 min; instructions and approval extra,4 min per meeting included,CORE,rebuilt
Lessons/Grades_5-6_YearA/Week28_Pi_Day.md,5-6,Weekly,A,Mathematics,Pi Day,1,45,KEEP + IMPROVE,P0,Complete three-circle measurement and repeated pair replace rushed simulation and philosophical/theological overclaims,CST-M3|CST-S2|CST-C1,Individual three C/D pairs and checked ratio and repeat/uncertainty and numerical/philosophical distinction,Plain paper|School pencil|Rigid circular plastic lid|Cotton string|Metric ruler|Calculator|Classroom board|Teacher timer,None,First 15 min; repeat 10 min,4 min included,RECOMMENDED,rebuilt
Lessons/Grades_5-6_YearA/Week29-31_Environmental_Science.md,5-6,Weekly,A,Environment,Environmental Science,3,45,REBUILD,P0,Preserved indoor fictional weather reference and controlled comparison; not school observations,CST-S2|CST-M2|CST-A3|CST-C3,Individual controls/limit and 9 of 10 points and evidence-limited graph and revised message,Plain paper|graph paper|Metric ruler|School-approved marker|School pencil|Prepared resource: dated learning records|Blunt school scissors|Masking tape|Non-glass thermometer,None,First 20 min; repeat 10 min,4 min per meeting included,CORE,rebuilt
Lessons/Grades_5-6_YearA/Week33_Easter_Engineering.md,5-6,Weekly,A,Physical Science,Easter Engineering,1,45,KEEP + IMPROVE,P0,Complete sealed melting/model panels remove unreviewed transformations and Resurrection-as-physics claims,CST-S3|CST-A3|CST-C1,Individual three change categories and observed/reference distinction and revised panel and faith-symbol limit,Plain paper|School pencil|School-approved marker|Metric ruler|Sealed clear plastic bag|Ice cube|Water|Team sorting tray|Classroom board|Teacher timer,None,First 15 min; repeat 10 min,4 min included,RECOMMENDED,rebuilt
Lessons/Grades_5-6_YearA/Week34_STREAM_Expo.md,5-6,Weekly,A,Communication,STREAM Expo,1,45,KEEP + IMPROVE,P1,Complete 45-minute evidence preparation and separate 60-75-minute event logistics without approval/outcome claims,CST-E3|CST-A3|CST-C3,Individual supported result/limit defense and reader-backed caption revision and resource choice; event separately recorded,Prepared resource: dated learning records|Plain paper|School pencil|Metric ruler|School-approved marker|Classroom board|Teacher timer,None,First 20 min; repeat 10 min; event logistics extra,4 min included,CORE,rebuilt
Lessons/Grades_5-6_YearB/Week01_Welcome_Innovators.md,5-6,Weekly,B,Foundations,Welcome Innovators,1,45,KEEP + IMPROVE,P0,Complete verified Mendel source card and label goal replace unsourced innovation biographies,CST-C1|CST-E1,Individual supported fact/source/limit and user criterion/constraint and listening action,Plain paper|School pencil|Prepared resource: dated learning records|Cardstock|Metric ruler|School-approved marker|Classroom board|Teacher timer,None,First 15 min; repeat 10 min,4 min included,CORE,rebuilt
Lessons/Grades_5-6_YearB/Week02-04_Biotechnology.md,5-6,Weekly,B,Life Science,Biotechnology,3,45,REBUILD,P0,Preserved nonfood cell/DNA and fictional ethics reference; no extraction,CST-S3|CST-A1|CST-C1|CST-C2,Individual five cell labels and 7 of 8 complementary letters and model limit and ethics safeguard,Plain paper|Cardstock|School pencil|Prepared resource: dated learning records|School-approved marker|Metric ruler|Blunt school scissors|Masking tape,None,First 20 min; repeat 10 min,4 min per meeting included,CORE,rebuilt
Lessons/Grades_5-6_YearB/Week05-07_Renewable_Energy.md,5-6,Weekly,B,Energy,Renewable Energy,3,45,REBUILD,P0,Preserved controlled rotor reference; no heat lamps or electrical-efficiency claims,CST-S2|CST-E2|CST-M2|CST-C3,Individual two controls and six rotation counts and uncertainty and stewardship tradeoff,Enclosed-axle pinwheel|Plain paper|Cardstock|School pencil|Prepared resource: dated learning records|Metric ruler|Blunt school scissors|School-approved marker|Masking tape|Guarded tabletop fan,Recommended,First 25 min; repeat 10 min,4 min per meeting included,CORE,rebuilt
Lessons/Grades_5-6_YearB/Week08-10_Biomimicry.md,5-6,Weekly,B,Design,Biomimicry,3,45,KEEP + IMPROVE,P0,Preserved observation/form/testing reference and model limits; no perfect-nature claims,CST-S3|CST-E2|CST-A1|CST-A2|CST-C3,Individual three sketch labels and two safe loads and model limit and peer-tested visual revision,Plain paper|School pencil|Prepared resource: dated learning records|books|Team sorting tray|Sealed load packet|Metric ruler|School-approved marker|Blunt school scissors|Masking tape,None,First 20 min; repeat 10 min,4 min per meeting included,CORE,rebuilt
Lessons/Grades_5-6_YearB/Week11_Thanksgiving_Data.md,5-6,Weekly,B,Data,Thanksgiving Data,1,45,KEEP + IMPROVE,P0,Complete invented 20-response dataset/graph key removes contradictory real spiritual survey path,CST-M2|CST-T3|CST-C2,Individual five bars/total 20 and difference 4 and private-data/opt-out reason,graph paper|Plain paper|School pencil|Metric ruler|School-approved marker|Classroom board|Teacher timer,None,First 10 min; repeat 5 min,4 min included,RECOMMENDED,rebuilt
Lessons/Grades_5-6_YearB/Week12_Gifts_Service.md,5-6,Weekly,B,Service,Gifts of Service,1,45,KEEP + IMPROVE,P0,Complete tested activity-card gift replaces clinical/adaptive/food-contact/powered gift menu,CST-C2|CST-E1|CST-A2,Individual criterion/constraint and three-option reader test/revision and purposeful layout/consent,Cardstock|Plain paper|School pencil|Metric ruler|School-approved marker|Classroom board|Teacher timer,None,First 15 min; repeat 10 min,4 min included,RECOMMENDED,rebuilt
Lessons/Grades_5-6_YearB/Week13_Advent_Technology.md,5-6,Weekly,B,Communication,Advent Technology,1,45,KEEP + IMPROVE,P0,Complete four-panel resource and time/privacy/readability checks replace broad notification/media options,CST-T3|CST-A2|CST-C3,Individual four panels and reader-backed layout revision and privacy/time rationale; paper/digital route explicit,Plain paper|School pencil|Metric ruler|School-approved marker|Computer|Classroom board|Teacher timer,Optional,First 15 min; repeat 10 min; approved setup extra,4 min included,OPTIONAL,rebuilt
Lessons/Grades_5-6_YearB/Week14-18_App_Development.md,5-6,Weekly,B,Computing,App Development,5,45,REBUILD,P0,Preserved five-meeting one-screen paper/app reference and six tests/privacy/access limits,CST-T2|CST-T3|CST-A2|CST-C2,Individual three-input trace and corrected bug and tested visual revision and privacy/access decision,Plain paper|School pencil|Prepared resource: dated learning records|School-approved marker|Metric ruler|Blunt school scissors|Masking tape|Computer|Tablet|Access: MIT App Inventor,Recommended,Paper first 20 min; repeat 10 min; devices significant,4 min per meeting included,CORE,rebuilt
Lessons/Grades_5-6_YearB/Week19_New_Year_Vision.md,5-6,Weekly,B,Planning,New Year Vision,1,45,KEEP + IMPROVE,P2,Complete evidence-based milestone/buffer plan replaces self-ratings and private goal requirements,CST-E1|CST-M2|CST-C3,Individual actual or labeled practice baseline and three milestones/30-minute sum and dependency/resource tradeoff,Prepared resource: dated learning records|Plain paper|School pencil|Metric ruler|Classroom board|Teacher timer,None,First 10 min; repeat 5 min,4 min included,RECOMMENDED,rebuilt
Lessons/Grades_5-6_YearB/Week20-23_Social_Entrepreneurship.md,5-6,Weekly,B,Service,Social Entrepreneurship,4,45,KEEP + IMPROVE,P0,Complete fictional financial/capacity/workflow packet and ethical defense replace brand/outcome claims,CST-M3|CST-E3|CST-C2,Individual A/B budgets 12/7/5 and 6/7/-1 and 25-minute capacity and workflow retest and fair-access pitch/limit,Plain paper|School pencil|Cardstock|Clean corrugated cardboard|Calculator|Metric ruler|School-approved marker|Blunt school scissors|Masking tape|Classroom board|Teacher timer,None,First 25 min; repeat 10 min,4 min per meeting included,CORE,rebuilt
Lessons/Grades_5-6_YearB/Week24_Catholic_Schools.md,5-6,Weekly,B,Service,Catholic Schools Week,1,45,KEEP + IMPROVE,P1,Complete source-labeled practice school-story graph and peer teaching check; no assumed buddy event,CST-M2|CST-E3|CST-C2,Individual five bars/total 12 and comparison/source/date and learner response/inclusion reason,graph paper|Plain paper|School pencil|Metric ruler|Classroom board|Teacher timer,None,First 15 min; repeat 10 min,4 min included,OPTIONAL,rebuilt
Lessons/Grades_5-6_YearB/Week25-28_Health_Technology.md,5-6,Weekly,B,Design,Health Technology,4,45,KEEP + IMPROVE,P0,Complete dry information-kiosk brief/events/tests and four meetings; no patient/clinical/efficacy path retained,CST-C2|CST-E1|CST-E2|CST-A2,Individual criterion/constraint and six baseline/retest transitions and purposeful layout/revision and consent/access/nonclinical limit,Plain paper|School pencil|Clean corrugated cardboard|Cardstock|Metric ruler|School-approved marker|Blunt school scissors|Masking tape|Classroom board|Teacher timer,None,First 25 min; repeat 10 min,4 min per meeting included,CORE,rebuilt
Lessons/Grades_5-6_YearB/Week29-31_Environmental_Monitoring.md,5-6,Weekly,B,Environment,Environmental Monitoring,3,45,REBUILD,P0,Complete invented kWh/provenance/correction/graph/proposal package removes unsafe collection and causal promises,CST-S1|CST-M2|CST-T3|CST-C3,Individual preserved raw/correction record and ten bars and totals 65/60 means 13/12 and causal/stewardship limit,Plain paper|School pencil|graph paper|Metric ruler|Calculator|School-approved marker|Computer|Classroom board|Teacher timer,None,First 15 min; repeat 10 min,4 min per meeting included,CORE,rebuilt
Lessons/Grades_5-6_YearB/Week33_Easter_Hope.md,5-6,Weekly,B,Life Science,Easter Hope,1,45,KEEP + IMPROVE,P0,Complete accurate life-stage cards/panels replace dead-seed/dissolving-caterpillar and broad transformation menu,CST-S3|CST-A3|CST-C1,Individual two ordered living-development models and corrected misconception and caption revision and faith-symbol limit,Plain paper|School pencil|Metric ruler|School-approved marker|Classroom board|Teacher timer,None,First 15 min; repeat 10 min,4 min included,RECOMMENDED,rebuilt
Lessons/Grades_5-6_YearB/Week34_Exhibition.md,5-6,Weekly,B,Communication,Year B Exhibition,1,45,KEEP + IMPROVE,P1,Complete scaled attended-work gallery and individual rubric replace mastery/event claims,CST-E3|CST-A3|CST-C3,Individual tested-result/limit defense and reader-backed caption revision and resource reason,Prepared resource: dated learning records|Plain paper|School pencil|Metric ruler|School-approved marker|Classroom board|Teacher timer,None,First 15 min; repeat 10 min,4 min included,CORE,rebuilt
Lessons/Bi-Weekly/Grades_5-6_YearA/Session01_Design_Process.md,5-6,Bi-Weekly,A,Foundations,Design Process,1,45,KEEP + IMPROVE,P1,Complete user brief and two readability tests replace private interviews and speed ideation quota,CST-C2|CST-E1|CST-E2,Individual stated need/criterion/constraint and baseline/retest counts and justified revision/dignity,Plain paper|School pencil|Prepared resource: dated learning records|Cardstock|Metric ruler|School-approved marker|Masking tape|Classroom board|Teacher timer,None,First 15 min; repeat 10 min,4 min included,CORE,rebuilt
Lessons/Bi-Weekly/Grades_5-6_YearA/Session02_Sphero_Advanced.md,5-6,Bi-Weekly,A,Computing,Sphero Advanced,1,45,REBUILD,P0,Complete finite stationary threshold loop and optional three-kit waves; each operator records four actual readings separately from model cards,CST-T2|CST-T1|CST-C2,Individual four outputs including boundary 30 and loop/input/output/debug/access reason; real readings separately logged,Plain paper|School pencil|BOLT|Tablet|Team sorting tray|Classroom board|Teacher timer|Access: matching Sphero controls,Recommended,Paper first 15 min; repeat 10 min; device preloading/preflight 20 min extra,4 min included,CORE,rebuilt
Lessons/Bi-Weekly/Grades_5-6_YearA/Session03_Structural_Engineering.md,5-6,Bi-Weekly,A,Structures,Structural Engineering,1,45,KEEP + IMPROVE,P0,Complete low folded-beam kit and two bounded loads replace destructive tower/loan assumptions,CST-S3|CST-E2|CST-M1,Individual force path and 20/40 g shape tests and span units and test-linked redesign/limit,Plain paper|School pencil|books|Team sorting tray|Metric ruler|Masking tape|Sealed load packet|Classroom board|Teacher timer,None,First 20 min; repeat 10 min,4 min included,CORE,rebuilt
Lessons/Bi-Weekly/Grades_5-6_YearA/Session04_Body_Systems.md,5-6,Bi-Weekly,A,Life Science,Body Systems,1,45,KEEP + IMPROVE,P0,Complete accurate gas/transport fact cards and model remove clinical/pulse/breath testing and health disclosure,CST-S3|CST-A1|CST-C2,Individual five-part directed loop and four chambers/functions and blood-color/model limit and dignity,Plain paper|School pencil|Cardstock|Metric ruler|School-approved marker|Classroom board|Teacher timer,None,First 15 min; repeat 10 min,4 min included,CORE,rebuilt
Lessons/Bi-Weekly/Grades_5-6_YearA/Session05_Scratch_Advanced.md,5-6,Bi-Weekly,A,Computing,Scratch Advanced,1,45,REBUILD,P1,Preserved bounded variable/guard/reset reference and complete paper/Scratch starter,CST-T2|CST-M1|CST-C2,Individual 0/1/2/3/3 trace and loop count and corrected bug and access choice,Plain paper|School pencil|Prepared resource: dated learning records|School-approved marker|Blunt school scissors|Computer|Access: Scratch,Recommended,First 15 min; repeat 10 min,4 min included,CORE,rebuilt
Lessons/Bi-Weekly/Grades_5-6_YearA/Session06_Thanksgiving_Innovation.md,5-6,Bi-Weekly,A,Service,Thanksgiving Innovation,1,45,KEEP + IMPROVE,P1,Complete choice-table brief/test/pitch respects PASS and avoids stereotyped service/impact claims,CST-C2|CST-E1|CST-E3,Individual criterion/constraint and three request records/retest and supported limited pitch/consent,Plain paper|School pencil|Cardstock|Clean corrugated cardboard|Metric ruler|School-approved marker|Blunt school scissors|Masking tape|Classroom board|Teacher timer,None,First 15 min; repeat 10 min,4 min included,RECOMMENDED,rebuilt
Lessons/Bi-Weekly/Grades_5-6_YearA/Session07_Christmas_Electronics.md,5-6,Bi-Weekly,A,Physical Computing,Christmas Electronics,1,45,REBUILD,P0,Preserved protected-AA switch/light reference and daylight/faith-symbol limits,CST-S3|CST-T1|CST-A2|CST-C3,Individual five-label circuit and four-state predictions and peer-tested visual choice,Protected switched 2-AA circuit pack|AA alkaline cell|Low-voltage classroom push switch|Adult-prepared sleeved LED/resistor assembly|Insulated clip lead|Clean corrugated cardboard|Cardstock|Plain paper|School pencil|Prepared resource: dated learning records|Metric ruler|School-approved marker|Blunt school scissors|Masking tape,None,First 30 min; repeat adult inspection 15 min,4 min included,CORE,rebuilt
Lessons/Bi-Weekly/Grades_5-6_YearA/Session08_App_Inventor.md,5-6,Bi-Weekly,A,Computing,App Inventor,1,45,REBUILD,P0,Complete two-event one-screen starter and exact three-setup waves with pretested individual access and every pupil reset edit/run,CST-T2|CST-T3|CST-C2,Individual four outputs and reset correction and observed edit/run and privacy/access reason; paper shift explicit,Plain paper|School pencil|Computer|Tablet|Classroom board|Teacher timer|Access: MIT App Inventor,Required,Paper first 20 min; repeat 10 min; approved device preloading/setup extra,4 min included,RECOMMENDED,rebuilt
Lessons/Bi-Weekly/Grades_5-6_YearA/Session09_Catholic_Scientists.md,5-6,Bi-Weekly,A,Research,Catholic Scientists,1,45,KEEP + IMPROVE,P1,Verified Mendel heritage/source packet plus complete invented A/B comparison and evidence poster; no biography-only assessment,CST-C1|CST-T3|CST-A3,Individual A 8/2 and B 7/3 tallies/totals and comparison and 15/5 model ratio plus historical claim/source/limit and revised poster,Plain paper|School pencil|Metric ruler|School-approved marker|Classroom board|Teacher timer|Prepared resource: lesson-specific cards|Prepared resource: approved source text,None,First 15 min; repeat 10 min,4 min included,RECOMMENDED,rebuilt
Lessons/Bi-Weekly/Grades_5-6_YearA/Session10_Environmental_Science.md,5-6,Bi-Weekly,A,Environment,Environmental Science,1,45,REBUILD,P1,Complete invented paper-count graph and tested reuse-sign criterion remove real trash/home audit path,CST-C3|CST-E1|CST-M2,Individual six bars/totals 36/30 and difference 6 and sign criterion and privacy/causal/resource limit,graph paper|Plain paper|School pencil|Cardstock|Metric ruler|School-approved marker|Classroom board|Teacher timer,None,First 15 min; repeat 10 min,4 min included,CORE,rebuilt
Lessons/Bi-Weekly/Grades_5-6_YearA/Session11_Lenten_Engineering.md,5-6,Bi-Weekly,A,Service,Lenten Engineering,1,45,KEEP + IMPROVE,P1,Complete counted classroom-kit service handoff includes accepted/deferred implementation and honest output/outcome limits,CST-C2|CST-E1|CST-E3,Individual criterion/constraint and checked inventory/reader test and actual acceptance status and consent/impact limit,Plain paper|School pencil|Cardstock|Classroom folder|Metric ruler|School-approved marker|Classroom board|Teacher timer,None,First 15 min; repeat 10 min,4 min included,RECOMMENDED,rebuilt
Lessons/Bi-Weekly/Grades_5-6_YearA/Session12_Life_Science.md,5-6,Bi-Weekly,A,Life Science,Life Science,1,45,REBUILD,P0,Complete cell/base fact cards and eight-base model remove sampling/extraction and oversized equipment tracks,CST-S3|CST-A1|CST-C1,Individual four shared cell labels and 7 of 8 corrected DNA pairs and accurate exception/model/faith limit,Plain paper|School pencil|Cardstock|Metric ruler|School-approved marker|Classroom board|Teacher timer,None,First 15 min; repeat 10 min,4 min included,CORE,rebuilt
Lessons/Bi-Weekly/Grades_5-6_YearA/Session13_Easter_Tech.md,5-6,Bi-Weekly,A,Communication,Easter Technology,1,45,KEEP + IMPROVE,P1,Complete two-scene paper/optional digital message replaces broad platform/publishing scope,CST-A3|CST-T3|CST-C2,Individual message revision and source/paraphrase/original-media status and audience access; actual route explicit,Plain paper|School pencil|Metric ruler|School-approved marker|Computer|Classroom board|Teacher timer,Optional,Paper first 15 min; repeat 10 min; approved device setup extra,4 min included,OPTIONAL,rebuilt
Lessons/Bi-Weekly/Grades_5-6_YearA/Session14_Sphero_Challenge.md,5-6,Bi-Weekly,A,Computing,Sphero Challenge,1,45,REBUILD,P0,Complete target/debug/retest event and optional three-lane waves; pairs repeat a third trial and watching never counts as operation,CST-T2|CST-E2|CST-C2,Individual route correction/reset and baseline/retest and safety/access reason; actual robot endpoints separate,Plain paper|School pencil|Metric ruler|BOLT|Tablet|Removable floor-marking tape|Classroom board|Teacher timer|Access: matching Sphero controls,Recommended,Paper first 15 min; repeat 10 min; device preloading/lane setup 25 min extra,4 min included,RECOMMENDED,rebuilt
Lessons/Bi-Weekly/Grades_5-6_YearA/Session15_Physics_Motion.md,5-6,Bi-Weekly,A,Physical Science,Physics and Motion,1,45,KEEP + IMPROVE,P0,Complete measured ramp and two-object force cards remove stunts/rockets and acceleration/natural-law overclaims,CST-S3|CST-M1|CST-C1,Individual six distances with cm and accurate force pair on different objects and measurement/faith limit,Plain paper|School pencil|Clean corrugated cardboard|Large soft ball|Team sorting tray|Metric ruler|books|Masking tape|Classroom board|Teacher timer,None,First 20 min; repeat 10 min,4 min included,CORE,rebuilt
Lessons/Bi-Weekly/Grades_5-6_YearA/Session16_Advanced_Invention.md,5-6,Bi-Weekly,A,Capstone,Advanced Invention,1,45,REBUILD,P1,Complete single-function card-holder kit and three-cycle baseline/retest remove unsafe unrestricted invention menu,CST-E1|CST-E2|CST-C2,Individual criterion/constraint and three baseline/retest records and justified revision/user-access limit,Plain paper|School pencil|Cardstock|Clean corrugated cardboard|Metric ruler|School-approved marker|Masking tape|Classroom board|Teacher timer,None,First 15 min; repeat 10 min,4 min included,CORE,rebuilt
Lessons/Bi-Weekly/Grades_5-6_YearA/Session17_Exhibition.md,5-6,Bi-Weekly,A,Communication,Year Exhibition,1,45,KEEP + IMPROVE,P0,Complete scaled evidence gallery and rubric remove automatic mastery/attendance and unsafe dismantling claims,CST-E3|CST-A3|CST-C3,Individual tested-result/limit explanation and reader-backed caption revision and resource reason,Prepared resource: dated learning records|Plain paper|School pencil|Metric ruler|School-approved marker|Classroom board|Teacher timer,None,First 15 min; repeat 10 min,4 min included,CORE,rebuilt
Lessons/Bi-Weekly/Grades_5-6_YearB/Session01_Engineering_Thinking.md,5-6,Bi-Weekly,B,Foundations,Engineering Thinking,1,45,KEEP + IMPROVE,P1,Complete flat-pencil organizer brief and three-cycle test replace private interviews/ideation speed quota,CST-C2|CST-E1|CST-E2,Individual stated need/criterion/constraint and baseline/retest and supported revision/access reason,Plain paper|School pencil|Prepared resource: dated learning records|Clean corrugated cardboard|Metric ruler|Masking tape|Classroom board|Teacher timer,None,First 15 min; repeat 10 min,4 min included,CORE,rebuilt
Lessons/Bi-Weekly/Grades_5-6_YearB/Session02_Sphero_Sensors.md,5-6,Bi-Weekly,B,Computing,Sphero Sensors,1,45,REBUILD,P0,Preserved stationary threshold reference; no shaking/directional navigation claims,CST-T1|CST-T2|CST-M2|CST-C2,Individual four-output table and exact-boundary trace and corrected comparison and limitation,Plain paper|School pencil|Prepared resource: dated learning records|School-approved marker|Blunt school scissors|Team sorting tray|BOLT|Tablet|Enclosed 2-AA flashlight|Access: matching Sphero controls,Recommended,Paper first 15 min; repeat 10 min; devices 20 min extra,4 min included,CORE,rebuilt
Lessons/Bi-Weekly/Grades_5-6_YearB/Session03_Architecture.md,5-6,Bi-Weekly,B,Structures,Architecture,1,45,KEEP + IMPROVE,P1,Complete low floor-model brief/scale/path test replaces stock assumptions and real-building access claims,CST-A2|CST-E1|CST-M1|CST-C2,Individual measured doorway/path and criterion and purposeful form revision and dignity/model limit,graph paper|Plain paper|School pencil|Clean corrugated cardboard|Cardstock|Metric ruler|School-approved marker|Masking tape|Classroom board|Teacher timer,None,First 20 min; repeat 10 min,4 min included,CORE,rebuilt
Lessons/Bi-Weekly/Grades_5-6_YearB/Session04_Forensic_Science.md,5-6,Bi-Weekly,B,Investigation,Forensic Science,1,45,REBUILD,P0,Preserved complete fictional inert-paper evidence packet/key and source-dependence limits,CST-S1|CST-M1|CST-C1|CST-C2,Individual three observations and mark measurement and candidate comparison and source dependence/limit and dignity,Plain paper|Metric ruler|School pencil|Prepared resource: dated learning records|Plastic magnifier,None,First 15 min; repeat 10 min,4 min included,CORE,rebuilt
Lessons/Bi-Weekly/Grades_5-6_YearB/Session05_Scratch_Games.md,5-6,Bi-Weekly,B,Computing,Scratch Games,1,45,REBUILD,P1,Complete two-round game/reset/feedback tests and three-setup waves with every pupil code change and three input-case runs,CST-T2|CST-A2|CST-C2,Individual two-round score traces and reset correction/retest and observed run and welcoming feedback/play reason,Plain paper|School pencil|Computer|Classroom board|Teacher timer|Access: Scratch,Required,First 25 min; repeat 15 min; approved preloading/setup extra,4 min included,CORE,rebuilt
Lessons/Bi-Weekly/Grades_5-6_YearB/Session06_Gratitude_Design.md,5-6,Bi-Weekly,B,Service,Gratitude Design,1,45,KEEP + IMPROVE,P2,Complete specific action/reason card and consent/reader revision remove private gratitude lists and benefit claims,CST-A3|CST-C2,Individual specific thank-you message and reader-backed revision and recipient consent/private-sharing decision,Cardstock|Plain paper|School pencil|Metric ruler|School-approved marker|Classroom board|Teacher timer,None,First 10 min; repeat 5 min,4 min included,RECOMMENDED,rebuilt
Lessons/Bi-Weekly/Grades_5-6_YearB/Session07_Advent_Coding.md,5-6,Bi-Weekly,B,Computing,Advent Coding,1,45,KEEP + IMPROVE,P1,Complete click/open/reset starter and reader revision; three-setup waves keep each pupil reset edit/run and message evidence,CST-T2|CST-A3|CST-C2,Individual 0/1/1/0 state trace and corrected reset test and message revision/access reason; actual run separate,Plain paper|School pencil|Computer|Classroom board|Teacher timer|Access: Scratch,Required,First 25 min; repeat 15 min; approved preloading/setup extra,4 min included,RECOMMENDED,rebuilt
Lessons/Bi-Weekly/Grades_5-6_YearB/Session08_App_Design.md,5-6,Bi-Weekly,B,Computing,App Design,1,45,REBUILD,P0,Complete conditional starter/six tests and three-setup waves with pretested account transitions and each pupil branch edit/run,CST-T2|CST-T3|CST-C2,Individual three input traces and branch correction and observed run and privacy/access reason; paper shift explicit,Plain paper|School pencil|Computer|Tablet|Classroom board|Teacher timer|Access: MIT App Inventor,Required,Paper first 20 min; repeat 10 min; approved device preloading/setup extra,4 min included,RECOMMENDED,rebuilt
Lessons/Bi-Weekly/Grades_5-6_YearB/Session09_Science_Faith.md,5-6,Bi-Weekly,B,Research,Science and Faith,1,45,KEEP + IMPROVE,P0,Verified Mendel heritage card within complete claim-type packet; retains actual individual line measurement and source/history limits,CST-C1|CST-T3|CST-A3,Individual measured line and supported claim/source/date/limit and rejected absolute and reader-backed explanation revision,Plain paper|School pencil|Metric ruler|School-approved marker|Classroom board|Teacher timer|Prepared resource: lesson-specific cards|Prepared resource: approved source text,None,First 15 min; repeat 10 min,4 min included,RECOMMENDED,rebuilt
Lessons/Bi-Weekly/Grades_5-6_YearB/Session10_Space_Science.md,5-6,Bi-Weekly,B,Earth and Space,Space Science,1,45,KEEP + IMPROVE,P0,Complete NASA scale and fictional constrained mission packet remove news/role/Sun-viewing dependencies,CST-S3|CST-E1|CST-C1,Individual correct 1/2 AU scale and limit and matched mission criterion/6-credit constraint and fact/reflection distinction,Plain paper|School pencil|Cardstock|Metric ruler|School-approved marker|Classroom board|Teacher timer,None,First 15 min; repeat 10 min,4 min included,CORE,rebuilt
Lessons/Bi-Weekly/Grades_5-6_YearB/Session11_Mercy_Engineering.md,5-6,Bi-Weekly,B,Service,Mercy Engineering,1,45,KEEP + IMPROVE,P1,Complete measurement-help card and actual/deferred peer-service implementation replace unbounded mercy device proposals,CST-C2|CST-E1|CST-E3,Individual criterion/constraint and two learner readings and revision/implementation status and consent/impact limit,Cardstock|Plain paper|School pencil|Metric ruler|School-approved marker|Classroom board|Teacher timer,None,First 15 min; repeat 10 min,4 min included,RECOMMENDED,rebuilt
Lessons/Bi-Weekly/Grades_5-6_YearB/Session12_Ecosystems.md,5-6,Bi-Weekly,B,Life Science,Ecosystems,1,45,KEEP + IMPROVE,P1,Complete generalized food-web and habitat-area packet remove live collection/perfect-balance/restoration claims,CST-S3|CST-A1|CST-C3|CST-M3,Individual four food-to-consumer arrows and bounded perturbation/model limit and 6/10 versus 4/10 habitat tradeoff,Plain paper|School pencil|Cardstock|Metric ruler|School-approved marker|Classroom board|Teacher timer,None,First 15 min; repeat 10 min,4 min included,CORE,rebuilt
Lessons/Bi-Weekly/Grades_5-6_YearB/Session13_New_Life_Tech.md,5-6,Bi-Weekly,B,Communication,New Life Technology,1,45,KEEP + IMPROVE,P1,Complete original two-panel/eight-beat artistic message with safe optional digital production and audience revision,CST-A3|CST-T3|CST-C2,Individual coherent message and two four-beat bars and reader-backed revision and source/media/access reason; actual route explicit,Plain paper|School pencil|Metric ruler|School-approved marker|Computer|Classroom board|Teacher timer,Optional,Paper first 15 min; repeat 10 min; approved device setup extra,4 min included,OPTIONAL,rebuilt
Lessons/Bi-Weekly/Grades_5-6_YearB/Session14_Robot_Olympics.md,5-6,Bi-Weekly,B,Computing,Robot Olympics,1,45,REBUILD,P0,Complete cooperative target/reset event and optional three-lane waves; every pupil edits/runs and pairs retain three trials/condition,CST-T2|CST-E2|CST-C2,Individual correct route/reset correction and baseline/retest and safe-role reason; actual endpoint evidence separate,Plain paper|School pencil|Metric ruler|BOLT|Tablet|Removable floor-marking tape|Classroom board|Teacher timer|Access: matching Sphero controls,Recommended,Paper first 15 min; repeat 10 min; device preloading/lane setup 25 min extra,4 min included,RECOMMENDED,rebuilt
Lessons/Bi-Weekly/Grades_5-6_YearB/Session15_Energy_Science.md,5-6,Bi-Weekly,B,Physical Science,Energy Science,1,45,KEEP + IMPROVE,P0,Complete slow bounded lever kit and six height tests remove chain-reaction/launching and quantitative-efficiency claims,CST-S3|CST-E2|CST-C1,Individual six heights with cm and supported support-change retest and energy chain including thermal/sound and faith/measurement limit,Plain paper|School pencil|Clean corrugated cardboard|Team sorting tray|Metric ruler|Sealed load packet|Masking tape|Classroom board|Teacher timer,None,First 20 min; repeat 10 min,4 min included,CORE,rebuilt
Lessons/Bi-Weekly/Grades_5-6_YearB/Session16_Innovation_Lab.md,5-6,Bi-Weekly,B,Capstone,Innovation Lab,1,45,REBUILD,P1,Complete one-function routing kit/brief and baseline/retest remove unrestricted all-skills invention menu,CST-E1|CST-E2|CST-C2,Individual criterion/constraint and three baseline/retest requests and justified revision/privacy/PASS safeguard,Plain paper|School pencil|Clean corrugated cardboard|Cardstock|Metric ruler|School-approved marker|Masking tape|Classroom board|Teacher timer,None,First 15 min; repeat 10 min,4 min included,CORE,rebuilt
Lessons/Bi-Weekly/Grades_5-6_YearB/Session17_Celebration.md,5-6,Bi-Weekly,B,Communication,Celebration Exhibition,1,45,KEEP + IMPROVE,P1,Complete scaled attended-work evidence gallery and caption/resource rubric remove two-year/mastery assumptions,CST-E3|CST-A3|CST-C3,Individual supported technical result/limit and reader-backed caption revision and resource tradeoff,Prepared resource: dated learning records|Plain paper|School pencil|Metric ruler|School-approved marker|Classroom board|Teacher timer,None,First 15 min; repeat 10 min,4 min included,CORE,rebuilt
