benchmark_id,subject,edition,grade,source_id,source_url,workbook_sheet,workbook_row,lesson_path,student_task,assessment_evidence,alignment_scope,status,verified_date
5.0.2.3.1,Visual arts,2018,K,MN-05,https://perpich.mn.gov/wp-content/uploads/2020/11/Minnesota-2018-K-12-Academic-Standards-in-the-Arts.xlsx,MN2018ArtsEdStandardsVisualArts,9,Lessons/Kindergarten/Week12_Making_Gifts.md,Create a recipient message using purposeful picture shape or color,Individual explanation of the idea and visible artistic choices,Original child-directed art; completion or copied picture alone insufficient,SOURCE VERIFIED - SCHOOL AND MDE-COPY REVIEW REQUIRED,2026-10-04
5.0.2.4.1,Visual arts,2018,K,MN-05,https://perpich.mn.gov/wp-content/uploads/2020/11/Minnesota-2018-K-12-Academic-Standards-in-the-Arts.xlsx,MN2018ArtsEdStandardsVisualArts,11,Lessons/Kindergarten/Week12_Making_Gifts.md,Identify a purposeful feature in the child's own message,Child points to and explains the chosen feature,Choice in own artwork; artistic polish not assessed,SOURCE VERIFIED - SCHOOL AND MDE-COPY REVIEW REQUIRED,2026-10-04
5.0.2.4.1,Visual arts,2018,K,MN-05,https://perpich.mn.gov/wp-content/uploads/2020/11/Minnesota-2018-K-12-Academic-Standards-in-the-Arts.xlsx,MN2018ArtsEdStandardsVisualArts,11,Lessons/Kindergarten/Week14-15_Light_All_Around.md,Select tissue placement in an original paper frame,Individual reason or pointing explanation of placement,Child's own design choice; watching a teacher is not evidence,SOURCE VERIFIED - SCHOOL AND MDE-COPY REVIEW REQUIRED,2026-10-04
5.0.4.8.1,Visual arts,2018,K,MN-05,https://perpich.mn.gov/wp-content/uploads/2020/11/Minnesota-2018-K-12-Academic-Standards-in-the-Arts.xlsx,MN2018ArtsEdStandardsVisualArts,16,Lessons/Kindergarten/Week16_Star_of_Wonder.md,Distinguish the drawn star pattern from real light-producing stars,Child describes one image versus real-object distinction,Visual representation distinction; not external astronomy coverage,SOURCE VERIFIED - SCHOOL AND MDE-COPY REVIEW REQUIRED,2026-10-04
5.0.4.8.1,Visual arts,2018,K,MN-05,https://perpich.mn.gov/wp-content/uploads/2020/11/Minnesota-2018-K-12-Academic-Standards-in-the-Arts.xlsx,MN2018ArtsEdStandardsVisualArts,16,Lessons/Kindergarten/Week33_New_Life_Engineering.md,Distinguish the life-cycle picture from a living insect,Individual model-limit explanation,Image versus object; stage ordering alone not sufficient,SOURCE VERIFIED - SCHOOL AND MDE-COPY REVIEW REQUIRED,2026-10-04
5.0.2.3.1,Visual arts,2018,K,MN-05,https://perpich.mn.gov/wp-content/uploads/2020/11/Minnesota-2018-K-12-Academic-Standards-in-the-Arts.xlsx,MN2018ArtsEdStandardsVisualArts,9,Lessons/Bi-Weekly/Kindergarten/Session01_Welcome_Wonder.md,Create or direct a line or form representation of an observed detail,Child explains what the original representation communicates,Only original child-directed representation; pointing at existing art is observation only,SOURCE VERIFIED - SCHOOL AND MDE-COPY REVIEW REQUIRED,2026-10-04
5.0.2.3.1,Visual arts,2018,K,MN-05,https://perpich.mn.gov/wp-content/uploads/2020/11/Minnesota-2018-K-12-Academic-Standards-in-the-Arts.xlsx,MN2018ArtsEdStandardsVisualArts,9,Lessons/Bi-Weekly/Kindergarten/Session06_Thanksgiving.md,Create a gratitude picture communicating a specific idea,Child explains the intended meaning and an actual clarification,Original child-directed art using line shape or form,SOURCE VERIFIED - SCHOOL AND MDE-COPY REVIEW REQUIRED,2026-10-04
5.0.2.4.1,Visual arts,2018,K,MN-05,https://perpich.mn.gov/wp-content/uploads/2020/11/Minnesota-2018-K-12-Academic-Standards-in-the-Arts.xlsx,MN2018ArtsEdStandardsVisualArts,11,Lessons/Bi-Weekly/Kindergarten/Session07_Advent_Light.md,Choose placement or visual prominence in a personal star design,Individual design-choice explanation,Own artwork choice; point counting is a separate objective,SOURCE VERIFIED - SCHOOL AND MDE-COPY REVIEW REQUIRED,2026-10-04
5.0.2.3.1,Visual arts,2018,K,MN-05,https://perpich.mn.gov/wp-content/uploads/2020/11/Minnesota-2018-K-12-Academic-Standards-in-the-Arts.xlsx,MN2018ArtsEdStandardsVisualArts,9,Lessons/Bi-Weekly/Kindergarten/Session09_Catholic_Schools.md,Represent a specific school contribution in original art,Child explains the communicated action and clarifying detail,Original child-directed art; generic school enthusiasm not evidence,SOURCE VERIFIED - SCHOOL AND MDE-COPY REVIEW REQUIRED,2026-10-04
5.0.4.8.1,Visual arts,2018,K,MN-05,https://perpich.mn.gov/wp-content/uploads/2020/11/Minnesota-2018-K-12-Academic-Standards-in-the-Arts.xlsx,MN2018ArtsEdStandardsVisualArts,16,Lessons/Bi-Weekly/Kindergarten/Session13_Easter_New_Life.md,Distinguish a biological-stage image from a real living insect,Child identifies an image or model limit,Visual distinction; no claim of theological or full life-science alignment,SOURCE VERIFIED - SCHOOL AND MDE-COPY REVIEW REQUIRED,2026-10-04
5.0.2.4.1,Visual arts,2018,K,MN-05,https://perpich.mn.gov/wp-content/uploads/2020/11/Minnesota-2018-K-12-Academic-Standards-in-the-Arts.xlsx,MN2018ArtsEdStandardsVisualArts,11,Lessons/Bi-Weekly/Kindergarten/Session15_Helping_Others.md,Choose a purposeful feature in an original welcoming message,Individual reason for the visual choice,Own artwork choice; algorithm evidence is separate,SOURCE VERIFIED - SCHOOL AND MDE-COPY REVIEW REQUIRED,2026-10-04
3.0.2.3.1,Music,2018,K,MN-05,https://perpich.mn.gov/wp-content/uploads/2020/11/Minnesota-2018-K-12-Academic-Standards-in-the-Arts.xlsx,MN2018ArtsEdStandardsMusic,8,Lessons/Bi-Weekly/Kindergarten/Session14_Sound_Music.md,Choose a musical sound and share it within a designed phrase,Observed student-directed choice and sharing of an actual sound,Silent symbol or rest-only evidence does not establish musical-sound sharing,SOURCE VERIFIED - SCHOOL AND MDE-COPY REVIEW REQUIRED,2026-10-04
EK-ALG-IM-03,Computer science,2026,K,NAT-01,https://csteachers.org/pk12standards/view/,Published viewer,350295,Lessons/Kindergarten/Week11_Coding_Thankfulness.md,Identify the human delivery goal and ordered smaller moves before correcting a paper algorithm,Individual goal-parts-order explanation plus predicted endpoint and actual correction,National PK/K algorithm-creation process; paper does not demonstrate software or hardware execution,SOURCE VERIFIED - NATIONAL FRAMEWORK SCHOOL REVIEW REQUIRED,2026-10-04
EK-ALG-IM-03,Computer science,2026,K,NAT-01,https://csteachers.org/pk12standards/view/,Published viewer,350295,Lessons/Bi-Weekly/Kindergarten/Session15_Helping_Others.md,Explain the human-chosen recipient goal and ordered delivery steps,Individual human goal-parts-order explanation and tested step correction,National PK/K process understanding; no Minnesota adoption or executable-device claim,SOURCE VERIFIED - NATIONAL FRAMEWORK SCHOOL REVIEW REQUIRED,2026-10-04
EK-DAT-DC-08,Computer science,2026,K,NAT-01,https://csteachers.org/pk12standards/view/,Published viewer,350352,Lessons/Bi-Weekly/Kindergarten/Session10_Weather_Wonder.md,Collect cloud-category and observation-time data to answer whether sky conditions changed,Individual comparison of two labeled actual observations,Actual or assisted collection only; invented model data cannot establish this collection benchmark,SOURCE VERIFIED - NATIONAL FRAMEWORK SCHOOL REVIEW REQUIRED,2026-10-04
EK-DAT-DC-08,Computer science,2026,K,NAT-01,https://csteachers.org/pk12standards/view/,Published viewer,350352,Lessons/Kindergarten/Week19-22_Exploration_Stations.md,Collect and compare two actual cloud-category/time records during the weather meeting,Each child uses the labeled records to describe same or changed conditions,Only actual/assisted weather collection; a model-data fallback defers this national benchmark,SOURCE VERIFIED - NATIONAL FRAMEWORK SCHOOL REVIEW REQUIRED,2026-10-04
