"lesson_path","status","priority","meetings","minutes"
"Lessons/Bi-Weekly/Grades_1-2_YearA/Session01_Wonder_Engineers.md","KEEP + IMPROVE","P1","1","30"
"Lessons/Bi-Weekly/Grades_1-2_YearA/Session02_Gods_Patterns.md","KEEP + IMPROVE","P2","1","30"
"Lessons/Bi-Weekly/Grades_1-2_YearA/Session03_Bridge_Building.md","REBUILD","P0","1","30"
"Lessons/Bi-Weekly/Grades_1-2_YearA/Session04_Robot_Friends.md","REBUILD","P0","1","30"
"Lessons/Bi-Weekly/Grades_1-2_YearA/Session05_Nature_Exploration.md","KEEP + IMPROVE","P1","1","30"
"Lessons/Bi-Weekly/Grades_1-2_YearA/Session06_Thanksgiving_Service.md","KEEP + IMPROVE","P2","1","30"
"Lessons/Bi-Weekly/Grades_1-2_YearA/Session07_Light_in_Darkness.md","KEEP + IMPROVE","P1","1","30"
"Lessons/Bi-Weekly/Grades_1-2_YearA/Session08_Coding_Basics.md","KEEP + IMPROVE","P1","1","30"
"Lessons/Bi-Weekly/Grades_1-2_YearA/Session09_Catholic_Inventors.md","KEEP + IMPROVE","P0","1","30"
"Lessons/Bi-Weekly/Grades_1-2_YearA/Session10_Weather_Watchers.md","KEEP + IMPROVE","P1","1","30"
"Lessons/Bi-Weekly/Grades_1-2_YearA/Session11_Lenten_Engineers.md","KEEP + IMPROVE","P1","1","30"
"Lessons/Bi-Weekly/Grades_1-2_YearA/Session12_Life_Cycles.md","KEEP + IMPROVE","P0","1","30"
"Lessons/Bi-Weekly/Grades_1-2_YearA/Session13_Easter_Innovation.md","KEEP + IMPROVE","P2","1","30"
"Lessons/Bi-Weekly/Grades_1-2_YearA/Session14_Sound_Engineering.md","KEEP + IMPROVE","P0","1","30"
"Lessons/Bi-Weekly/Grades_1-2_YearA/Session15_Robot_Challenge.md","KEEP + IMPROVE","P0","1","30"
"Lessons/Bi-Weekly/Grades_1-2_YearA/Session16_Community_Helpers.md","KEEP + IMPROVE","P1","1","30"
"Lessons/Bi-Weekly/Grades_1-2_YearA/Session17_Exhibition.md","KEEP + IMPROVE","P1","1","30"
"Lessons/Bi-Weekly/Grades_1-2_YearB/Session01_Design_Detectives.md","KEEP + IMPROVE","P0","1","30"
"Lessons/Bi-Weekly/Grades_1-2_YearB/Session02_Tower_Power.md","KEEP + IMPROVE","P0","1","30"
"Lessons/Bi-Weekly/Grades_1-2_YearB/Session03_Sphero_Intro.md","REBUILD","P0","1","30"
"Lessons/Bi-Weekly/Grades_1-2_YearB/Session04_Animal_Adaptations.md","KEEP + IMPROVE","P0","1","30"
"Lessons/Bi-Weekly/Grades_1-2_YearB/Session05_Garden_Engineers.md","REBUILD","P1","1","30"
"Lessons/Bi-Weekly/Grades_1-2_YearB/Session06_Gratitude_Gifts.md","KEEP + IMPROVE","P2","1","30"
"Lessons/Bi-Weekly/Grades_1-2_YearB/Session07_Star_Makers.md","KEEP + IMPROVE","P0","1","30"
"Lessons/Bi-Weekly/Grades_1-2_YearB/Session08_Digital_Art.md","KEEP + IMPROVE","P1","1","30"
"Lessons/Bi-Weekly/Grades_1-2_YearB/Session09_Faith_Scientists.md","KEEP + IMPROVE","P0","1","30"
"Lessons/Bi-Weekly/Grades_1-2_YearB/Session10_Magnets_Motion.md","KEEP + IMPROVE","P0","1","30"
"Lessons/Bi-Weekly/Grades_1-2_YearB/Session11_Lenten_Love.md","KEEP + IMPROVE","P0","1","30"
"Lessons/Bi-Weekly/Grades_1-2_YearB/Session12_Butterfly_Wonder.md","KEEP + IMPROVE","P0","1","30"
"Lessons/Bi-Weekly/Grades_1-2_YearB/Session13_Easter_Joy.md","KEEP + IMPROVE","P2","1","30"
"Lessons/Bi-Weekly/Grades_1-2_YearB/Session14_Sphero_Challenge.md","KEEP + IMPROVE","P0","1","30"
"Lessons/Bi-Weekly/Grades_1-2_YearB/Session15_Simple_Machines.md","KEEP + IMPROVE","P0","1","30"
"Lessons/Bi-Weekly/Grades_1-2_YearB/Session16_Earth_Care.md","KEEP + IMPROVE","P1","1","30"
"Lessons/Bi-Weekly/Grades_1-2_YearB/Session17_Celebration.md","KEEP + IMPROVE","P1","1","30"
"Lessons/Bi-Weekly/Grades_3-4_YearA/Session01_Engineering_Design.md","KEEP + IMPROVE","P2","1","40"
"Lessons/Bi-Weekly/Grades_3-4_YearA/Session02_Dash_Code.md","REBUILD","P1","1","40"
"Lessons/Bi-Weekly/Grades_3-4_YearA/Session03_Bridge_Engineering.md","KEEP + IMPROVE","P1","1","40"
"Lessons/Bi-Weekly/Grades_3-4_YearA/Session04_Animal_Habitats.md","KEEP + IMPROVE","P2","1","40"
"Lessons/Bi-Weekly/Grades_3-4_YearA/Session05_Scratch_Intro.md","KEEP + IMPROVE","P1","1","40"
"Lessons/Bi-Weekly/Grades_3-4_YearA/Session06_Gratitude_Tech.md","KEEP + IMPROVE","P2","1","40"
"Lessons/Bi-Weekly/Grades_3-4_YearA/Session07_Light_Circuits.md","REBUILD","P0","1","40"
"Lessons/Bi-Weekly/Grades_3-4_YearA/Session08_Scratch_Animation.md","KEEP + IMPROVE","P1","1","40"
"Lessons/Bi-Weekly/Grades_3-4_YearA/Session09_Catholic_Scientists.md","KEEP + IMPROVE","P0","1","40"
"Lessons/Bi-Weekly/Grades_3-4_YearA/Session10_Weather_Science.md","KEEP + IMPROVE","P0","1","40"
"Lessons/Bi-Weekly/Grades_3-4_YearA/Session11_Lenten_Engineering.md","KEEP + IMPROVE","P2","1","40"
"Lessons/Bi-Weekly/Grades_3-4_YearA/Session12_Plants_Growth.md","REBUILD","P0","1","40"
"Lessons/Bi-Weekly/Grades_3-4_YearA/Session13_Easter_Tech.md","KEEP + IMPROVE","P2","1","40"
"Lessons/Bi-Weekly/Grades_3-4_YearA/Session14_Dash_Challenge.md","KEEP + IMPROVE","P1","1","40"
"Lessons/Bi-Weekly/Grades_3-4_YearA/Session15_Simple_Machines.md","KEEP + IMPROVE","P0","1","40"
"Lessons/Bi-Weekly/Grades_3-4_YearA/Session16_Little_Bits.md","KEEP + IMPROVE","P0","1","40"
"Lessons/Bi-Weekly/Grades_3-4_YearA/Session17_Exhibition.md","KEEP + IMPROVE","P1","1","40"
"Lessons/Bi-Weekly/Grades_3-4_YearB/Session01_Design_Thinking.md","KEEP + IMPROVE","P2","1","40"
"Lessons/Bi-Weekly/Grades_3-4_YearB/Session02_Ozobot_Coding.md","REBUILD","P0","1","40"
"Lessons/Bi-Weekly/Grades_3-4_YearB/Session03_Tower_Challenge.md","KEEP + IMPROVE","P1","1","40"
"Lessons/Bi-Weekly/Grades_3-4_YearB/Session04_Ecosystems.md","KEEP + IMPROVE","P0","1","40"
"Lessons/Bi-Weekly/Grades_3-4_YearB/Session05_Scratch_Games.md","REBUILD","P1","1","40"
"Lessons/Bi-Weekly/Grades_3-4_YearB/Session06_Thanksgiving_Design.md","KEEP + IMPROVE","P2","1","40"
"Lessons/Bi-Weekly/Grades_3-4_YearB/Session07_Christmas_Circuits.md","REBUILD","P0","1","40"
"Lessons/Bi-Weekly/Grades_3-4_YearB/Session08_Digital_Stories.md","KEEP + IMPROVE","P1","1","40"
"Lessons/Bi-Weekly/Grades_3-4_YearB/Session09_Faith_Science.md","KEEP + IMPROVE","P0","1","40"
"Lessons/Bi-Weekly/Grades_3-4_YearB/Session10_Geology_Rocks.md","KEEP + IMPROVE","P1","1","40"
"Lessons/Bi-Weekly/Grades_3-4_YearB/Session11_Lenten_Service.md","KEEP + IMPROVE","P0","1","40"
"Lessons/Bi-Weekly/Grades_3-4_YearB/Session12_Life_Cycles.md","KEEP + IMPROVE","P0","1","40"
"Lessons/Bi-Weekly/Grades_3-4_YearB/Session13_Easter_Creation.md","KEEP + IMPROVE","P2","1","40"
"Lessons/Bi-Weekly/Grades_3-4_YearB/Session14_Ozobot_Challenge.md","KEEP + IMPROVE","P1","1","40"
"Lessons/Bi-Weekly/Grades_3-4_YearB/Session15_Compound_Machines.md","KEEP + IMPROVE","P0","1","40"
"Lessons/Bi-Weekly/Grades_3-4_YearB/Session16_Makey_Makey.md","KEEP + IMPROVE","P0","1","40"
"Lessons/Bi-Weekly/Grades_3-4_YearB/Session17_Celebration.md","KEEP + IMPROVE","P1","1","40"
"Lessons/Bi-Weekly/Grades_5-6_YearA/Session01_Design_Process.md","KEEP + IMPROVE","P1","1","45"
"Lessons/Bi-Weekly/Grades_5-6_YearA/Session02_Sphero_Advanced.md","REBUILD","P0","1","45"
"Lessons/Bi-Weekly/Grades_5-6_YearA/Session03_Structural_Engineering.md","KEEP + IMPROVE","P0","1","45"
"Lessons/Bi-Weekly/Grades_5-6_YearA/Session04_Body_Systems.md","KEEP + IMPROVE","P0","1","45"
"Lessons/Bi-Weekly/Grades_5-6_YearA/Session05_Scratch_Advanced.md","REBUILD","P1","1","45"
"Lessons/Bi-Weekly/Grades_5-6_YearA/Session06_Thanksgiving_Innovation.md","KEEP + IMPROVE","P1","1","45"
"Lessons/Bi-Weekly/Grades_5-6_YearA/Session07_Christmas_Electronics.md","REBUILD","P0","1","45"
"Lessons/Bi-Weekly/Grades_5-6_YearA/Session08_App_Inventor.md","REBUILD","P0","1","45"
"Lessons/Bi-Weekly/Grades_5-6_YearA/Session09_Catholic_Scientists.md","KEEP + IMPROVE","P1","1","45"
"Lessons/Bi-Weekly/Grades_5-6_YearA/Session10_Environmental_Science.md","REBUILD","P1","1","45"
"Lessons/Bi-Weekly/Grades_5-6_YearA/Session11_Lenten_Engineering.md","KEEP + IMPROVE","P1","1","45"
"Lessons/Bi-Weekly/Grades_5-6_YearA/Session12_Life_Science.md","REBUILD","P0","1","45"
"Lessons/Bi-Weekly/Grades_5-6_YearA/Session13_Easter_Tech.md","KEEP + IMPROVE","P1","1","45"
"Lessons/Bi-Weekly/Grades_5-6_YearA/Session14_Sphero_Challenge.md","REBUILD","P0","1","45"
"Lessons/Bi-Weekly/Grades_5-6_YearA/Session15_Physics_Motion.md","KEEP + IMPROVE","P0","1","45"
"Lessons/Bi-Weekly/Grades_5-6_YearA/Session16_Advanced_Invention.md","REBUILD","P1","1","45"
"Lessons/Bi-Weekly/Grades_5-6_YearA/Session17_Exhibition.md","KEEP + IMPROVE","P0","1","45"
"Lessons/Bi-Weekly/Grades_5-6_YearB/Session01_Engineering_Thinking.md","KEEP + IMPROVE","P1","1","45"
"Lessons/Bi-Weekly/Grades_5-6_YearB/Session02_Sphero_Sensors.md","REBUILD","P0","1","45"
"Lessons/Bi-Weekly/Grades_5-6_YearB/Session03_Architecture.md","KEEP + IMPROVE","P1","1","45"
"Lessons/Bi-Weekly/Grades_5-6_YearB/Session04_Forensic_Science.md","REBUILD","P0","1","45"
"Lessons/Bi-Weekly/Grades_5-6_YearB/Session05_Scratch_Games.md","REBUILD","P1","1","45"
"Lessons/Bi-Weekly/Grades_5-6_YearB/Session06_Gratitude_Design.md","KEEP + IMPROVE","P2","1","45"
"Lessons/Bi-Weekly/Grades_5-6_YearB/Session07_Advent_Coding.md","KEEP + IMPROVE","P1","1","45"
"Lessons/Bi-Weekly/Grades_5-6_YearB/Session08_App_Design.md","REBUILD","P0","1","45"
"Lessons/Bi-Weekly/Grades_5-6_YearB/Session09_Science_Faith.md","KEEP + IMPROVE","P0","1","45"
"Lessons/Bi-Weekly/Grades_5-6_YearB/Session10_Space_Science.md","KEEP + IMPROVE","P0","1","45"
"Lessons/Bi-Weekly/Grades_5-6_YearB/Session11_Mercy_Engineering.md","KEEP + IMPROVE","P1","1","45"
"Lessons/Bi-Weekly/Grades_5-6_YearB/Session12_Ecosystems.md","KEEP + IMPROVE","P1","1","45"
"Lessons/Bi-Weekly/Grades_5-6_YearB/Session13_New_Life_Tech.md","KEEP + IMPROVE","P1","1","45"
"Lessons/Bi-Weekly/Grades_5-6_YearB/Session14_Robot_Olympics.md","REBUILD","P0","1","45"
"Lessons/Bi-Weekly/Grades_5-6_YearB/Session15_Energy_Science.md","KEEP + IMPROVE","P0","1","45"
"Lessons/Bi-Weekly/Grades_5-6_YearB/Session16_Innovation_Lab.md","REBUILD","P1","1","45"
"Lessons/Bi-Weekly/Grades_5-6_YearB/Session17_Celebration.md","KEEP + IMPROVE","P1","1","45"
"Lessons/Bi-Weekly/Kindergarten/Session01_Welcome_Wonder.md","KEEP + IMPROVE","P0","1","25"
"Lessons/Bi-Weekly/Kindergarten/Session02_Gods_World.md","KEEP + IMPROVE","P0","1","25"
"Lessons/Bi-Weekly/Kindergarten/Session03_Building_Basics.md","KEEP + IMPROVE","P1","1","25"
"Lessons/Bi-Weekly/Kindergarten/Session04_Colors_Light.md","KEEP + IMPROVE","P0","1","25"
"Lessons/Bi-Weekly/Kindergarten/Session05_Simple_Machines.md","KEEP + IMPROVE","P0","1","25"
"Lessons/Bi-Weekly/Kindergarten/Session06_Thanksgiving.md","KEEP + IMPROVE","P2","1","25"
"Lessons/Bi-Weekly/Kindergarten/Session07_Advent_Light.md","KEEP + IMPROVE","P0","1","25"
"Lessons/Bi-Weekly/Kindergarten/Session08_Winter_Science.md","REBUILD","P0","1","25"
"Lessons/Bi-Weekly/Kindergarten/Session09_Catholic_Schools.md","KEEP + IMPROVE","P2","1","25"
"Lessons/Bi-Weekly/Kindergarten/Session10_Weather_Wonder.md","KEEP + IMPROVE","P1","1","25"
"Lessons/Bi-Weekly/Kindergarten/Session11_Growing_Things.md","REBUILD","P0","1","25"
"Lessons/Bi-Weekly/Kindergarten/Session12_Animal_Homes.md","KEEP + IMPROVE","P0","1","25"
"Lessons/Bi-Weekly/Kindergarten/Session13_Easter_New_Life.md","REBUILD","P0","1","25"
"Lessons/Bi-Weekly/Kindergarten/Session14_Sound_Music.md","KEEP + IMPROVE","P0","1","25"
"Lessons/Bi-Weekly/Kindergarten/Session15_Helping_Others.md","KEEP + IMPROVE","P0","1","25"
"Lessons/Bi-Weekly/Kindergarten/Session16_Water_Wonder.md","REBUILD","P0","1","25"
"Lessons/Bi-Weekly/Kindergarten/Session17_Celebration.md","KEEP + IMPROVE","P1","1","25"
"Lessons/Grades_1-2_YearA/Week01_Welcome_to_CSTREAM.md","KEEP + IMPROVE","P1","1","30"
"Lessons/Grades_1-2_YearA/Week02-03_Sphero_Coding.md","REBUILD","P1","2","30"
"Lessons/Grades_1-2_YearA/Week04_Wonder_Walk.md","REBUILD","P1","1","30"
"Lessons/Grades_1-2_YearA/Week05-06_KEVA_Engineering.md","KEEP + IMPROVE","P1","2","30"
"Lessons/Grades_1-2_YearA/Week07-09_Engineering_for_Others.md","KEEP + IMPROVE","P0","3","30"
"Lessons/Grades_1-2_YearA/Week10_Strong_Bridges.md","KEEP + IMPROVE","P1","1","30"
"Lessons/Grades_1-2_YearA/Week11_Thankful_Coding.md","KEEP + IMPROVE","P1","1","30"
"Lessons/Grades_1-2_YearA/Week12_Making_Gifts.md","KEEP + IMPROVE","P1","1","30"
"Lessons/Grades_1-2_YearA/Week13_Fall_Celebration.md","KEEP + IMPROVE","P2","1","30"
"Lessons/Grades_1-2_YearA/Week14-15_Light_Explorations.md","KEEP + IMPROVE","P0","2","30"
"Lessons/Grades_1-2_YearA/Week16_Star_of_Wonder.md","KEEP + IMPROVE","P0","1","30"
"Lessons/Grades_1-2_YearA/Week18_New_Year_Goals.md","KEEP + IMPROVE","P2","1","30"
"Lessons/Grades_1-2_YearA/Week19-22_Exploration_Stations.md","REBUILD","P1","4","30"
"Lessons/Grades_1-2_YearA/Week23_Catholic_Schools_Week.md","KEEP + IMPROVE","P0","1","30"
"Lessons/Grades_1-2_YearA/Week24-25_Dash_Robot_Adventures.md","KEEP + IMPROVE","P1","2","30"
"Lessons/Grades_1-2_YearA/Week26-27_Helping_Hands_Design.md","KEEP + IMPROVE","P0","2","30"
"Lessons/Grades_1-2_YearA/Week28_Pi_Day_Circles.md","REBUILD","P0","1","30"
"Lessons/Grades_1-2_YearA/Week29-31_Growing_Things.md","REBUILD","P0","3","30"
"Lessons/Grades_1-2_YearA/Week33_New_Life_Engineering.md","KEEP + IMPROVE","P0","1","30"
"Lessons/Grades_1-2_YearA/Week34_Year_Celebration.md","KEEP + IMPROVE","P1","1","30"
"Lessons/Grades_1-2_YearB/Week01_Welcome_Scientists.md","KEEP + IMPROVE","P1","1","30"
"Lessons/Grades_1-2_YearB/Week02-03_Dash_Adventures.md","REBUILD","P1","2","30"
"Lessons/Grades_1-2_YearB/Week04_Senses_Discovery.md","REBUILD","P0","1","30"
"Lessons/Grades_1-2_YearB/Week05-06_Tower_Engineering.md","KEEP + IMPROVE","P0","2","30"
"Lessons/Grades_1-2_YearB/Week07-09_Animal_Habitats.md","KEEP + IMPROVE","P0","3","30"
"Lessons/Grades_1-2_YearB/Week10_Ramp_Races.md","REBUILD","P0","1","30"
"Lessons/Grades_1-2_YearB/Week11_Thanksgiving_Coding.md","KEEP + IMPROVE","P0","1","30"
"Lessons/Grades_1-2_YearB/Week12_Gifts_Others.md","KEEP + IMPROVE","P1","1","30"
"Lessons/Grades_1-2_YearB/Week13_Fall_Festival.md","KEEP + IMPROVE","P2","1","30"
"Lessons/Grades_1-2_YearB/Week14-15_Stars_Light.md","KEEP + IMPROVE","P0","2","30"
"Lessons/Grades_1-2_YearB/Week16_Winter_Wonders.md","REBUILD","P0","1","30"
"Lessons/Grades_1-2_YearB/Week18_Growth_Goals.md","KEEP + IMPROVE","P1","1","30"
"Lessons/Grades_1-2_YearB/Week19-22_Invention_Labs.md","KEEP + IMPROVE","P0","4","30"
"Lessons/Grades_1-2_YearB/Week23_Catholic_Schools.md","KEEP + IMPROVE","P0","1","30"
"Lessons/Grades_1-2_YearB/Week24-25_Friendship_Machines.md","KEEP + IMPROVE","P1","2","30"
"Lessons/Grades_1-2_YearB/Week26-27_Garden_Engineering.md","KEEP + IMPROVE","P0","2","30"
"Lessons/Grades_1-2_YearB/Week28_Math_Games.md","KEEP + IMPROVE","P1","1","30"
"Lessons/Grades_1-2_YearB/Week29-31_Butterfly_Engineering.md","KEEP + IMPROVE","P0","3","30"
"Lessons/Grades_1-2_YearB/Week33_New_Life.md","KEEP + IMPROVE","P0","1","30"
"Lessons/Grades_1-2_YearB/Week34_Showcase.md","KEEP + IMPROVE","P2","1","30"
"Lessons/Grades_3-4_YearA/Week01_Welcome_to_CSTREAM.md","KEEP + IMPROVE","P2","1","40"
"Lessons/Grades_3-4_YearA/Week02-03_Sphero_Advanced.md","REBUILD","P1","2","40"
"Lessons/Grades_3-4_YearA/Week04_Scientific_Method.md","KEEP + IMPROVE","P0","1","40"
"Lessons/Grades_3-4_YearA/Week05-06_KEVA_Challenges.md","KEEP + IMPROVE","P1","2","40"
"Lessons/Grades_3-4_YearA/Week07-09_Community_Helpers.md","KEEP + IMPROVE","P0","3","40"
"Lessons/Grades_3-4_YearA/Week10_Bridge_Engineering.md","REBUILD","P1","1","40"
"Lessons/Grades_3-4_YearA/Week11_Coding_Gratitude.md","KEEP + IMPROVE","P1","1","40"
"Lessons/Grades_3-4_YearA/Week12_Giving_Through_Making.md","KEEP + IMPROVE","P2","1","40"
"Lessons/Grades_3-4_YearA/Week13_Fall_Celebration.md","KEEP + IMPROVE","P2","1","40"
"Lessons/Grades_3-4_YearA/Week14-15_Light_Science_Advent.md","KEEP + IMPROVE","P0","2","40"
"Lessons/Grades_3-4_YearA/Week16_Astronomy_Star.md","KEEP + IMPROVE","P0","1","40"
"Lessons/Grades_3-4_YearA/Week18_SMART_Goals.md","KEEP + IMPROVE","P2","1","40"
"Lessons/Grades_3-4_YearA/Week19-22_Choice_Labs.md","REBUILD","P0","4","40"
"Lessons/Grades_3-4_YearA/Week23_Catholic_Schools_Week.md","KEEP + IMPROVE","P0","1","40"
"Lessons/Grades_3-4_YearA/Week24-25_Scratch_Programming.md","KEEP + IMPROVE","P1","2","40"
"Lessons/Grades_3-4_YearA/Week26-27_Little_Bits_Circuits.md","KEEP + IMPROVE","P0","2","40"
"Lessons/Grades_3-4_YearA/Week28_Pi_Day_Circles.md","KEEP + IMPROVE","P0","1","40"
"Lessons/Grades_3-4_YearA/Week29-31_Environmental_STREAM.md","KEEP + IMPROVE","P0","3","40"
"Lessons/Grades_3-4_YearA/Week33_Resurrection_Science.md","KEEP + IMPROVE","P0","1","40"
"Lessons/Grades_3-4_YearA/Week34_STREAM_Expo.md","KEEP + IMPROVE","P2","1","40"
"Lessons/Grades_3-4_YearB/Week01_Welcome_Scientists.md","KEEP + IMPROVE","P2","1","40"
"Lessons/Grades_3-4_YearB/Week02-03_Flight_Fundamentals.md","REBUILD","P0","2","40"
"Lessons/Grades_3-4_YearB/Week04-06_Paper_Airplane.md","KEEP + IMPROVE","P1","3","40"
"Lessons/Grades_3-4_YearB/Week07-09_Architectural_Marvels.md","KEEP + IMPROVE","P2","3","40"
"Lessons/Grades_3-4_YearB/Week10_Fall_Festival.md","KEEP + IMPROVE","P0","1","40"
"Lessons/Grades_3-4_YearB/Week11_Thanksgiving_Gratitude.md","KEEP + IMPROVE","P1","1","40"
"Lessons/Grades_3-4_YearB/Week12_Gifts_Others.md","KEEP + IMPROVE","P0","1","40"
"Lessons/Grades_3-4_YearB/Week13_Advent_Preparation.md","KEEP + IMPROVE","P0","1","40"
"Lessons/Grades_3-4_YearB/Week14-17_Marine_Science.md","KEEP + IMPROVE","P0","4","40"
"Lessons/Grades_3-4_YearB/Week18_New_Year_Goals.md","KEEP + IMPROVE","P2","1","40"
"Lessons/Grades_3-4_YearB/Week19-22_Game_Design.md","REBUILD","P1","4","40"
"Lessons/Grades_3-4_YearB/Week23_Catholic_Schools.md","KEEP + IMPROVE","P1","1","40"
"Lessons/Grades_3-4_YearB/Week24-27_Sustainable_City.md","KEEP + IMPROVE","P0","4","40"
"Lessons/Grades_3-4_YearB/Week28_Pi_Day.md","KEEP + IMPROVE","P0","1","40"
"Lessons/Grades_3-4_YearB/Week29-31_Weather_Station.md","REBUILD","P0","3","40"
"Lessons/Grades_3-4_YearB/Week33_Easter_Engineering.md","KEEP + IMPROVE","P0","1","40"
"Lessons/Grades_3-4_YearB/Week34_Showcase.md","KEEP + IMPROVE","P0","1","40"
"Lessons/Grades_5-6_YearA/Week01_Welcome_to_CSTREAM.md","KEEP + IMPROVE","P0","1","45"
"Lessons/Grades_5-6_YearA/Week02-03_Sphero_Mastery.md","REBUILD","P1","2","45"
"Lessons/Grades_5-6_YearA/Week04_Experimental_Design.md","REBUILD","P0","1","45"
"Lessons/Grades_5-6_YearA/Week05-06_Structural_Engineering.md","KEEP + IMPROVE","P0","2","45"
"Lessons/Grades_5-6_YearA/Week07-09_Social_Innovation.md","KEEP + IMPROVE","P0","3","45"
"Lessons/Grades_5-6_YearA/Week10_Advanced_Bridges.md","KEEP + IMPROVE","P0","1","45"
"Lessons/Grades_5-6_YearA/Week11_Gratitude_Coding.md","KEEP + IMPROVE","P0","1","45"
"Lessons/Grades_5-6_YearA/Week12_Giving_Making.md","KEEP + IMPROVE","P0","1","45"
"Lessons/Grades_5-6_YearA/Week13_Fall_Showcase.md","KEEP + IMPROVE","P2","1","45"
"Lessons/Grades_5-6_YearA/Week14-15_Optics_Light.md","KEEP + IMPROVE","P0","2","45"
"Lessons/Grades_5-6_YearA/Week16_Astronomy.md","KEEP + IMPROVE","P0","1","45"
"Lessons/Grades_5-6_YearA/Week18_Goal_Engineering.md","KEEP + IMPROVE","P2","1","45"
"Lessons/Grades_5-6_YearA/Week19-22_Passion_Projects.md","REBUILD","P1","4","45"
"Lessons/Grades_5-6_YearA/Week23_Catholic_Schools_Week.md","KEEP + IMPROVE","P1","1","45"
"Lessons/Grades_5-6_YearA/Week24-25_Advanced_Scratch.md","REBUILD","P1","2","45"
"Lessons/Grades_5-6_YearA/Week26-27_Little_Bits.md","REBUILD","P0","2","45"
"Lessons/Grades_5-6_YearA/Week28_Pi_Day.md","KEEP + IMPROVE","P0","1","45"
"Lessons/Grades_5-6_YearA/Week29-31_Environmental_Science.md","REBUILD","P0","3","45"
"Lessons/Grades_5-6_YearA/Week33_Easter_Engineering.md","KEEP + IMPROVE","P0","1","45"
"Lessons/Grades_5-6_YearA/Week34_STREAM_Expo.md","KEEP + IMPROVE","P1","1","45"
"Lessons/Grades_5-6_YearB/Week01_Welcome_Innovators.md","KEEP + IMPROVE","P0","1","45"
"Lessons/Grades_5-6_YearB/Week02-04_Biotechnology.md","REBUILD","P0","3","45"
"Lessons/Grades_5-6_YearB/Week05-07_Renewable_Energy.md","REBUILD","P0","3","45"
"Lessons/Grades_5-6_YearB/Week08-10_Biomimicry.md","KEEP + IMPROVE","P0","3","45"
"Lessons/Grades_5-6_YearB/Week11_Thanksgiving_Data.md","KEEP + IMPROVE","P0","1","45"
"Lessons/Grades_5-6_YearB/Week12_Gifts_Service.md","KEEP + IMPROVE","P0","1","45"
"Lessons/Grades_5-6_YearB/Week13_Advent_Technology.md","KEEP + IMPROVE","P0","1","45"
"Lessons/Grades_5-6_YearB/Week14-18_App_Development.md","REBUILD","P0","5","45"
"Lessons/Grades_5-6_YearB/Week19_New_Year_Vision.md","KEEP + IMPROVE","P2","1","45"
"Lessons/Grades_5-6_YearB/Week20-23_Social_Entrepreneurship.md","KEEP + IMPROVE","P0","4","45"
"Lessons/Grades_5-6_YearB/Week24_Catholic_Schools.md","KEEP + IMPROVE","P1","1","45"
"Lessons/Grades_5-6_YearB/Week25-28_Health_Technology.md","KEEP + IMPROVE","P0","4","45"
"Lessons/Grades_5-6_YearB/Week29-31_Environmental_Monitoring.md","REBUILD","P0","3","45"
"Lessons/Grades_5-6_YearB/Week33_Easter_Hope.md","KEEP + IMPROVE","P0","1","45"
"Lessons/Grades_5-6_YearB/Week34_Exhibition.md","KEEP + IMPROVE","P1","1","45"
"Lessons/Kindergarten/Week01_Welcome_to_CSTREAM.md","KEEP + IMPROVE","P1","1","25"
"Lessons/Kindergarten/Week02-03_Sphero_Movement.md","REBUILD","P0","2","25"
"Lessons/Kindergarten/Week04_Wonder_Walk.md","REBUILD","P1","1","25"
"Lessons/Kindergarten/Week05-06_KEVA_Building.md","KEEP + IMPROVE","P1","2","25"
"Lessons/Kindergarten/Week07-09_Engineering_Helpers.md","REBUILD","P0","3","25"
"Lessons/Kindergarten/Week10_Bridges_Connect_Us.md","KEEP + IMPROVE","P1","1","25"
"Lessons/Kindergarten/Week11_Coding_Thankfulness.md","REBUILD","P1","1","25"
"Lessons/Kindergarten/Week12_Making_Gifts.md","KEEP + IMPROVE","P0","1","25"
"Lessons/Kindergarten/Week13_Fall_Celebration.md","KEEP + IMPROVE","P2","1","25"
"Lessons/Kindergarten/Week14-15_Light_All_Around.md","REBUILD","P0","2","25"
"Lessons/Kindergarten/Week16_Star_of_Wonder.md","KEEP + IMPROVE","P0","1","25"
"Lessons/Kindergarten/Week18_New_Year_Goals.md","KEEP + IMPROVE","P2","1","25"
"Lessons/Kindergarten/Week19-22_Exploration_Stations.md","REBUILD","P1","4","25"
"Lessons/Kindergarten/Week23_Catholic_Schools_Week.md","KEEP + IMPROVE","P2","1","25"
"Lessons/Kindergarten/Week24-25_Dash_Robot_Friends.md","REBUILD","P0","2","25"
"Lessons/Kindergarten/Week26-27_Helping_Hands.md","KEEP + IMPROVE","P0","2","25"
"Lessons/Kindergarten/Week28_Circles_and_Pi.md","REPLACE","P0","1","25"
"Lessons/Kindergarten/Week29-31_Growing_Things.md","REBUILD","P0","3","25"
"Lessons/Kindergarten/Week33_New_Life_Engineering.md","REBUILD","P0","1","25"
"Lessons/Kindergarten/Week34_Year_Celebration.md","KEEP + IMPROVE","P1","1","25"
