resource_id,canonical_name,aliases,resource_kind,source_url,acquisition,required_checks,price_status
SCRATCH,Access: Scratch,Scratch|Scratch access|Scratch software,digital_platform,https://scratch.mit.edu/,Existing school-approved compatible device and executable access,Installed or online execution; age privacy accessibility storage and actual teacher pretest,NOT A PHYSICAL INVENTORY PRICE
SCRATCHJR,Access: ScratchJr,ScratchJr|ScratchJr access|ScratchJr app,digital_platform,https://www.scratchjr.org/,Existing approved compatible tablet and installed app,Actual installed interface; local approval and individual executable turns,NOT A PHYSICAL INVENTORY PRICE
APPINVENTOR,Access: MIT App Inventor,App Inventor|MIT App Inventor|App Inventor access,digital_platform,https://appinventor.mit.edu/,School-approved compatible development and test environment,Age account privacy pairing and actual test device; paper interface is not executed software,NOT A PHYSICAL INVENTORY PRICE
TINKERCAD,Access: Tinkercad,Tinkercad|Tinkercad access,digital_platform,https://www.tinkercad.com/,School-approved account and compatible browser if selected,Age privacy licensing accessibility and actual tool pretest; no printing service assumed,NOT A PHYSICAL INVENTORY PRICE
CODEORG,Access: Code.org,Code.org|Code.org access,digital_platform,https://code.org/,School-approved selected learning environment,Current activity age account privacy and executable objective; not guaranteed installed or free local access,NOT A PHYSICAL INVENTORY PRICE
OZOBOT,Access: matching Ozobot instructions,Ozobot chart|Ozobot chart access|Ozobot color chart,manufacturer_instructions,https://ozobot.com/,Matching actual robot model instructions and verified color-code chart,Exact model colors calibration compatible medium and teacher pretest; not an owned robot,NOT A PHYSICAL INVENTORY PRICE
DASHAPP,Access: matching Dash controls,Dash app|Dash software|Blockly for Dash,manufacturer_instructions,https://www.makewonder.com/,Matching approved installed software and actual Dash model,Current supported host controls age privacy and safe speed/stop; no account or robot assumed,NOT A PHYSICAL INVENTORY PRICE
SPHEROAPP,Access: matching Sphero controls,Sphero Edu|Sphero app|Sphero Edu access,manufacturer_instructions,https://sphero.com/,Matching approved installed software and actual robot model,Compatible host aim stop controls age privacy and actual pretest; no device stock assumed,NOT A PHYSICAL INVENTORY PRICE
MUSICLAB,Access: Chrome Music Lab,Chrome Music Lab|Chrome Music Lab access,digital_platform,https://musiclab.chromeexperiments.com/,Approved browser and selected music activity,Actual instrument/sound behavior accessibility privacy and volume; local musical evidence separate,NOT A PHYSICAL INVENTORY PRICE
PORTFOLIO,Prepared resource: dated learning records,Portfolio|Portfolios|journal|journals|notebook|notebooks|dated work|saved student work,documentation_format,../Resources/Student_Progress_Tracker.md,Actual saved dated evidence or named fresh-demonstration route,Storage privacy dates actual child contribution; paper or device cost and missing evidence stated,NOT A PHYSICAL INVENTORY PRICE
CLASSCARDS,Prepared resource: lesson-specific cards,Prepared lesson cards|Prepared data cards|Teacher-prepared cards|Teacher data cards,teacher_prepared,../Templates/Student_Sheet_Template.md,Draw or copy the complete content provided in the selected lesson,Content size supply allocation preparation time and source labels; fabricated data is explicitly model data,NOT A PHYSICAL INVENTORY PRICE
APPROVEDSOURCE,Prepared resource: approved source text,Approved source text|Teacher-vetted source text,source_text,Standards_Sources.md,Actual identified and dated source or original source card provided by lesson,Authority URL specific content accuracy access copyright and read-aloud accommodations,NOT A PHYSICAL INVENTORY PRICE
SNAPMANUAL,Access: matching Snap Circuits manual,Matching Snap Circuits manual|Snap Circuits instructions|Snap Circuits manual,manufacturer_instructions,../Resources/Snap_Circuits_Classroom_Guide.md,Matching actual individual kit model in-box manufacturer manual,Approved project and component IDs age battery access protection and actual circuit pretest; no guessed project,NOT A PHYSICAL INVENTORY PRICE
IMPRESS,Access: LibreOffice Impress,LibreOffice Impress|Impress access,digital_platform,https://www.libreoffice.org/discover/impress/,Existing school-approved installed presentation tool if the digital pathway is selected,Actual version offline access controls accessibility privacy and individual tool execution; paper presentation is not software evidence,NOT A PHYSICAL INVENTORY PRICE
SCRATCHMUSIC,Access: Scratch Music extension,Scratch Music extension,software_extension,https://scratch.mit.edu/,Actual approved Scratch environment with the Music extension added and pretested,Installed/online support audio accessibility volume and individual executable turns; no promised current availability,NOT A PHYSICAL INVENTORY PRICE
MAKEYMANUAL,Access: matching Makey Makey instructions,Matching Makey Makey instructions,manufacturer_instructions,https://makeymakey.com/,Matching actual controller model instructions and approved host with pretested input/output,USB/power limits approved materials privacy and manufacturer-compatible connections; no mains or unapproved human-contact tests,NOT A PHYSICAL INVENTORY PRICE
LITTLEBITSMANUAL,Access: matching LittleBits instructions,Matching LittleBits instructions,manufacturer_instructions,https://sphero.com/,Actual model's in-box manufacturer instructions and verified compatible kit,Module names connector orientation and matching power; no mixing Snap protected-AA or different modular systems,NOT A PHYSICAL INVENTORY PRICE
ROSTER,Prepared resource: teacher evidence roster,Teacher roster|Evidence roster|Class evidence roster,documentation_format,../Resources/Student_Progress_Tracker.md,Paper roster prepared from school stock or approved school record system,Actual pupils privacy separate prompted/independent/unobserved checks; no public names or invented results,NOT A PHYSICAL INVENTORY PRICE
ARTIFACT,Prepared resource: saved learning artifact,Saved learning artifact|Saved learning artifacts|Saved dated artifact,documentation_format,../Resources/Student_Progress_Tracker.md,Actual retained dated child work or the lesson's fresh-demonstration alternative,Observer date support used and actual contribution; absence is not evidence of mastery,NOT A PHYSICAL INVENTORY PRICE
PLANTPICTURE,Prepared resource: plant observation picture,Plant picture|Leaf picture|Teacher-drawn plant feature card|Teacher-drawn seasonal tree card,teacher_prepared,../Templates/Student_Sheet_Template.md,Draw or copy the specific large observable feature supplied in the lesson,Actual observation versus model explicitly labeled; safe size content and preparation time recorded,NOT A PHYSICAL INVENTORY PRICE
SKYPICTURE,Prepared resource: star or snow-pattern picture,Teacher-drawn star-pattern card|Snowflake picture,teacher_prepared,../Templates/Student_Sheet_Template.md,Draw or copy the specified pattern from the lesson using school paper,Model not real astronomical or weather data; no claims of universal snowflake form or star distances,NOT A PHYSICAL INVENTORY PRICE
LIFECARD,Prepared resource: sourced life-stage or habitat card,Teacher-drawn butterfly stage card|Teacher-drawn bean life-stage card|Teacher-drawn habitat reference card,teacher_prepared,../Templates/Student_Sheet_Template.md,Complete described stage/habitat cards prepared from paper stock before class,Accurate biological order and model limits; no live-observation credit from pictures,NOT A PHYSICAL INVENTORY PRICE
SORTCARD,Prepared resource: material sorting card,Teacher-drawn material sorting card,teacher_prepared,../Templates/Student_Sheet_Template.md,Draw the actual visible property/rule example in the selected lesson,Visible grouping criterion and safe size; no inferred hidden material property,NOT A PHYSICAL INVENTORY PRICE
SILHOUETTE,Prepared resource: large paper silhouette,Teacher-cut animal silhouette,teacher_prepared,../Templates/Student_Sheet_Template.md,Adult cuts the stated large shape from separately priced school paper,Smooth edges and optical-model limits; no real-animal or eye-beam test,NOT A PHYSICAL INVENTORY PRICE
PAPERLABEL,Prepared resource: paper identification labels,Paper labels,teacher_prepared,../Templates/Materials_List_Template.md,Draw the specified anonymous kit/test labels on school paper before class,Actual criterion and units clear; no unsupported measurements or public pupil identity,NOT A PHYSICAL INVENTORY PRICE
LITTLEBITSPOWER,Kit component: matching LittleBits power module,LittleBits power module,kit_component,../Resources/Grade_Band_Reference_Routines.md,Selected actual compatible kit's documented power module already included or separately sourced under its manual,Exact module ID supply age fitted-cell count and school protection approval; not Snap or protected-AA equivalent,NO SEPARATE COMPONENT PRICE ASSUMED
LITTLEBITSBUTTON,Kit component: matching LittleBits button module,LittleBits button module,kit_component,../Resources/Grade_Band_Reference_Routines.md,Selected kit's documented compatible button module,Actual module ID connector orientation and tested button states; not a generic pushswitch purchase,NO SEPARATE COMPONENT PRICE ASSUMED
LITTLEBITSLIGHT,Kit component: matching LittleBits enclosed-light module,LittleBits light module,kit_component,../Resources/Grade_Band_Reference_Routines.md,Selected kit's documented compatible enclosed-light module,Actual module ID rating connector polarity power and two-state pretest; no bareLED substitution,NO SEPARATE COMPONENT PRICE ASSUMED
USBKIT,Kit component: manufacturer-matched data USB cable,Manufacturer USB cable,kit_component,https://makeymakey.com/,Actual controller-to-host data cable specified by the matching instructions; check whether included before buying another,Connector type and data support verified; not a guessed USB-C/micro/mini or charging-only substitute,NO SEPARATE COMPONENT PRICE ASSUMED
PATTERNSHAPE,Prepared resource: lesson pattern shape,Pattern shape,teacher_prepared,../Templates/Student_Sheet_Template.md,Large reusable or teacher-cut paper shapes; Exploration12/team and biweeklyPatterns30/team; dimensions/model unstated,Actual repeating rule and geometry visible; paper/time cost separate; commercial blocks are not assumed,NOT A PHYSICAL INVENTORY PRICE
PAPERBALL,Prepared resource: large plain-paper ball,Plain paper ball,teacher_prepared,../Templates/Student_Sheet_Template.md,Prepare5cmdiameterpaperballs; service mover1/team moved20cmacross tray and invention carrier3/team,No inferred mass/density equivalence to soft balls or toy cars; no lifting above tray or throwing,NOT A PHYSICAL INVENTORY PRICE
MEASURESTRIP,Prepared resource: lesson measuring strip,Measuring strip,teacher_prepared,../Templates/Student_Sheet_Template.md,Sphero1mpaperstrip/team withconsistent equalhand-widthmarks; ramp uses2cmmarks/cubes; paper/time separate,Different pupils' hand spans are not interchangeable units; width unstated; not automatically calibrated,NOT A PHYSICAL INVENTORY PRICE
