item_id,normalized_name,aliases,unit,unit_cost_estimate_usd,estimate_date,tier,grades,purpose,quantity_10,quantity_15,quantity_20,quantity_25,quantity_basis,reuse,annual_replacement_estimate,storage,safety,battery_needs,verified_lesson_use_count,estimated_core_meeting_uses,use_count_basis,school_stock_status,supplier_status
PAPER,Plain paper,copy paper|drawing paper|paper,sheet,0.01,2026-10,Tier 1,K-6,Observation data art algorithms and evidence,200,300,400,500,20 sheets per student for one cohort,Consumable,500 sheets per 25-student cohort,DRY-PAPER bin,No paper projectiles,None,0,17,ESTIMATED core meetings not legacy count,NOT VERIFIED,VERIFICATION REQUIRED
CARD,Cardstock,card stock|construction card,sheet,0.05,2026-10,Tier 1,K-6,Pattern composition structures and models,40,60,80,100,4 sheets per student,Consumable with reuse,100 sheets per cohort,DRY-PAPER bin,Teacher pre-cuts if needed,None,0,6,ESTIMATED core meetings,NOT VERIFIED,VERIFICATION REQUIRED
INDEX,Index cards,algorithm cards|cue cards,card,0.02,2026-10,Tier 1,K-6,Directions sorting rhythmic patterns and structure tests,160,240,320,400,16 cards per student includes reusable class cards,Consumable with reuse,Up to 400 cards per cohort conservative,UNPLUGGED envelope,No small detachable tokens for K,None,0,8,ESTIMATED core meetings,NOT VERIFIED,VERIFICATION REQUIRED
STICK,Wooden craft sticks,popsicle sticks|wooden sticks|craft sticks|Wooden craft stick,stick,0.012,2026-10,Tier 1,K-6,Structures lever models and design,200,300,400,500,20 per student stock; exact lesson issue allocation governs,Reusable until taped or damaged,Up to 500 per cohort conservative,STRUCTURES dry bin,Inspect splinters; no catapults or projectiles,None,0,6,ESTIMATED core meetings,NOT VERIFIED,VERIFICATION REQUIRED
TAPE,Masking tape,painter tape|masking rolls,roll 10 m,2.00,2026-10,Tier 1,K-6,Assembly and floor or desk grids,3,4,5,6,Reserve; issue up to 1 m per team per build,Consumable,6 rolls per cohort,STRUCTURES dry bin,Keep off skin and hair; check surface removal,None,0,8,ESTIMATED core meetings,NOT VERIFIED,VERIFICATION REQUIRED
CUP,Paper cups,disposable cups|tower cups,cup,0.05,2026-10,Tier 1,K-6,Structures dry sound models and comparisons,40,60,80,100,4 per student stock; issue 6 per team,Consumable with dry reuse,100 cups per cohort,STRUCTURES dry bin,Do not eat or drink from experiment cups,None,0,5,ESTIMATED core meetings,NOT VERIFIED,VERIFICATION REQUIRED
STRING,Cotton string,twine|cotton cord,m,0.04,2026-10,Tier 1,K-6,Lengths pulleys and sound transmission,40,60,80,100,4 m per student stock; teacher cuts short lengths,Reusable until soiled,100 m per cohort conservative,MEASURE sealed bag,No loops around body or neck; no walking string lines,None,0,4,ESTIMATED core meetings,NOT VERIFIED,VERIFICATION REQUIRED
FOIL,Aluminum foil,foil sheets|kitchen foil,m,0.40,2026-10,Tier 1,K-6,Form and reflectivity comparisons; not bare battery wiring,4,6,8,10,0.4 m per student stock,Consumable,10 m per cohort,ART-LIGHT dry bin,Fold sharp edges; never short battery terminals,None,0,3,ESTIMATED core meetings,NOT VERIFIED,VERIFICATION REQUIRED
TRAY,Team sorting tray,materials tray|kit tray|tray|trays,tray,1.00,2026-10,Tier 1,K-6,Counted team supplies,6,9,11,14,K pair-kit budget plus teacher demo where specified; nine-kit core purchases remain separate,Reusable,Replace damaged trays from reserve,Numbered classroom tray allocation,Stable flat rim and no cracks,None,0,17,ESTIMATED core meetings,NOT VERIFIED,VERIFICATION REQUIRED
BIN,Lidded storage bin,kit box|storage tub,bin,4.00,2026-10,Tier 1,K-6,Dry sorted kits,2,3,4,4,4 shared bins at capacity 25,Reusable,Replace damaged bin from reserve,Labeled shelf location school must fill,Do not store wet items; teacher stores electrical bin,None,0,17,ESTIMATED core meetings,NOT VERIFIED,VERIFICATION REQUIRED
RULER,Metric ruler,rulers|30 cm ruler|ruler,ruler,1.00,2026-10,Tier 1,K-6,Length comparison measurement and drawing,6,9,11,14,Pair-kit budget plus one teacher or spare; follow the actual lesson allocation,Reusable,Replace unreadable or broken ruler from reserve,MEASURE bin,No flexible snapping or swinging,None,0,10,ESTIMATED core meetings,NOT VERIFIED,VERIFICATION REQUIRED
PACK,Protected switched 2-AA circuit pack,battery holder|battery box,complete pack,6.00,2026-10,Tier 1,1-6; K adult only,Low-cost closed-path circuit investigations,4,5,7,9,One per team; enclosure plus switch plus current protection,Reusable,Inspect every use; damaged pack OUT OF SERVICE,CIRCUITS teacher-controlled compartment,3 V nominal; screw-closed cover and short-circuit protection must be verified; no student repairs,2 AA per pack; cells separate,0,4,ESTIMATED core meetings,NOT VERIFIED,VERIFICATION REQUIRED protection and compatibility
LED,Current-limited 3-V LED module,lamp|LED light,complete module,2.00,2026-10,Tier 1,1-6; K adult only,Visible circuit output,4,5,7,9,One per team includes integrated resistor,Reusable,Replace failed module from reserve,CIRCUITS counted compartment,Manufacturer-rated for pack; never bare LED straight to cells,Uses PACK; no internal cell,0,4,ESTIMATED core meetings,NOT VERIFIED,VERIFICATION REQUIRED electrical rating
LEAD,Insulated clip lead,alligator wire|circuit wire|insulated leads|insulated clip leads,lead,0.50,2026-10,Tier 1,1-6; K adult only,Join protected pack to module,16,20,28,36,Four per generic team; exact lesson and protected supply compatibility remain required,Reusable,Inspect insulation and clips every use,CIRCUITS counted compartment,No short circuits; clip jaws supervised; disconnect on warmth,Uses PACK,0,4,ESTIMATED core meetings,NOT VERIFIED,VERIFICATION REQUIRED
AA,AA alkaline cell,AA battery|double A,cell,0.50,2026-10,Tier 1,K-6 adult-managed,Power circuit packs and approved flashlights,16,20,28,36,4 per team = 2 fitted and 2 spare for circuit pack,Consumable,18 replacement circuit cells per cohort; flashlight allocation separate,CIRCUITS terminal-protected adult storage,No button cells; do not mix types or new and used cells; no charging alkaline cells,AA only; remove for long storage,0,4,ESTIMATED core meetings; runtime unverified,NOT VERIFIED,VERIFICATION REQUIRED chemistry and runtime
LABEL,Kit label sheet,bin labels|inventory labels,sheet,3.00,2026-10,Tier 1,K-6,Contents count return check and out-of-service marking,1,1,1,1,One set of bin and tray labels,Reusable,Reprint damaged labels with school paper,LABELS folder,No student identifiers on public bins,None,0,17,ESTIMATED core meetings,NOT VERIFIED,VERIFICATION REQUIRED
MAGNIFIER,Plastic magnifier,hand lens|magnifying glass,lens,2.00,2026-10,Tier 2,K-6,Observation and detail drawing,4,5,7,9,One per team with individual turns,Reusable,Replace scratched lens from reserve,OBSERVE bin,Never focus sunlight or look at sun,None,0,5,ESTIMATED core meetings,NOT VERIFIED,VERIFICATION REQUIRED
TIMER,Simple timer,stopwatch|digital timer,timer,3.00,2026-10,Tier 2,1-6,Repeated timed tests,4,5,7,9,One per team,Reusable,Verify battery condition annually,MEASURE bin,Select captive non-button-cell battery design; do not procure if unspecified,AAA or sealed manufacturer rechargeable; included initially and verified before purchase,0,4,ESTIMATED core meetings,NOT VERIFIED,VERIFICATION REQUIRED battery design
THERM,Non-glass thermometer,temperature probe|class thermometer,thermometer,4.00,2026-10,Tier 2,K-6,Indoor temperature and insulation data,4,5,7,9,One per team,Reusable,Inspect annually,MEASURE dry bin,No glass mercury or hot liquids; age-appropriate non-electronic model,None,0,3,ESTIMATED core meetings,NOT VERIFIED,VERIFICATION REQUIRED
MEASURECUP,Plastic graduated measuring cup,measuring beaker|graduated cup,cup,2.00,2026-10,Tier 2,K-6,Volume comparisons,4,5,7,9,One per team,Reusable,Replace cracked or unreadable cup,WET-SCIENCE dry bin,Small room-temperature water volumes over trays; not drinking vessels,None,0,3,ESTIMATED core meetings,NOT VERIFIED,VERIFICATION REQUIRED
FLASH,Enclosed 2-AA flashlight,torch|light source|flashlights,flashlight,3.00,2026-10,Tier 2,K-6,Shadow and light investigations,5,8,10,13,K pair-kit stock; nine-kit core purchases separate; AA cell supply additional,Reusable,Log actual cell replacement; basic core allocations are not full K consumption,ART-LIGHT dry bin,Name match does not verify secure cover or cell type; never laser or Sun viewing,2 AA each; separate AA line,0,3,ESTIMATED core meetings,NOT VERIFIED,VERIFICATION REQUIRED battery cover
BLOCK,Large wooden building blocks,building blocks|large planks,pack 20 blocks,4.00,2026-10,Tier 2,K-6,Reusable structures and area models,5,8,10,13,20 large blocks per K budgeted kit; generic core purchases remain nine packs,Reusable,Replace splintered pieces from reserve,STRUCTURES counted bag,Large non-choking pieces; floor or desk models only; no throwing,None,0,8,ESTIMATED core meetings,NOT VERIFIED,VERIFICATION REQUIRED size and finish
BALANCE,Plastic classroom balance,balance scale|pan balance,balance,15.00,2026-10,Tier 2,K-6,Mass comparisons in supervised rotations,1,1,1,1,One class station; does not replace each child's test turn,Reusable,Inspect annually,MEASURE bin,Use large safe objects; stable tabletop,None,0,3,ESTIMATED core meetings,NOT VERIFIED,VERIFICATION REQUIRED
TAPEMEASURE,Soft metric measuring tape,measuring tape|cloth tape,tape,2.00,2026-10,Tier 2,K-6,Longer measurements and proportion,4,5,7,9,One per team,Reusable,Replace unreadable tape from reserve,MEASURE bag,No spring-retracting metal tape; no body loops,None,0,5,ESTIMATED core meetings,NOT VERIFIED,VERIFICATION REQUIRED
SEED,Untreated bean seeds,seeds|germination seeds|Untreated bean seed,packet 50 seeds,2.50,2026-10,Tier 2,K-6,Indoor germination observation,1,1,1,1,Class stock of50; actual pupil/team allocation and teacher reserves defined by lesson,Consumable,One packet per core cohort; record actual additional cohorts,WET-SCIENCE cool dry storage,Check allergy; never eat; no chemically treated seed,None,0,3,ESTIMATED observations across meetings,NOT VERIFIED,VERIFICATION REQUIRED seed treatment
SOIL,Potting medium,soil|potting mix,L,1.50,2026-10,Tier 2,K-6,Indoor plant observations,2,3,4,5,0.2 L per student,Consumable,5 L per cohort,WET-SCIENCE sealed dry bag,Teacher portions; dust avoidance; wash hands; remove moldy growth,None,0,3,ESTIMATED observations across meetings,NOT VERIFIED,VERIFICATION REQUIRED ingredients
POT,Plant cup,pot|growing cup,cup,0.20,2026-10,Tier 2,K-6,Individual plant observation,10,15,20,25,One per student,Reusable if cleaned; budget annual replacement,25 cups per cohort,WET-SCIENCE dry bin,Teacher prepares drainage; tray contains water,None,0,3,ESTIMATED observations across meetings,NOT VERIFIED,VERIFICATION REQUIRED
PULLEY,Enclosed small classroom pulley,pulley wheel|simple-machine pulley,pulley,3.00,2026-10,Tier 2,2-6,Desk-level simple machine investigation,4,5,7,9,One per team,Reusable,Inspect cord and wheel annually,SIMPLE-MACHINES bin,No suspended overhead loads or body loops; teacher sets short cord,None,0,2,ESTIMATED core extensions,NOT VERIFIED,VERIFICATION REQUIRED pinch protection
MIRROR,Nonbreakable mirror,plastic mirror|reflection mirror,mirror,2.00,2026-10,Tier 2,K-6,Reflection and visual composition,4,5,7,9,One per team,Reusable,Replace damaged mirror from reserve,ART-LIGHT padded sleeve,No glass; no sun viewing,None,0,3,ESTIMATED core extensions,NOT VERIFIED,VERIFICATION REQUIRED
CLAY,Unscented wheat-free modeling material,modeling clay|play dough,tub,2.00,2026-10,Tier 2,K-6,Habitats form and model design,4,5,7,9,One tub per team; clean hands and tools,Consumable with limited reuse,9 tubs annually for shared room estimated,ART sealed container,Verify ingredients and allergies; not food; remove contaminated material,None,0,3,ESTIMATED core extensions,NOT VERIFIED,VERIFICATION REQUIRED ingredients
SPRING,Low-range spring scale,force meter|spring balance,scale,4.00,2026-10,Tier 2,3-6,Force comparison,4,5,7,9,One per team,Reusable,Inspect and zero annually,SIMPLE-MACHINES bin,No pulling toward faces; teacher controls loads,None,0,2,ESTIMATED core extensions,NOT VERIFIED,VERIFICATION REQUIRED range and hooks
FERRITE,Large encapsulated ferrite magnet,bar magnet|class magnet,magnet,4.00,2026-10,Tier 2,1-6; NOT K,Magnetic material investigations,4,5,7,9,One per team; counted before and after,Reusable,Inspect enclosure every use; discard from service if cracked,MAGNETS teacher-controlled bin,No neodymium magnets in K; no loose high-strength magnets; urgent escalation if missing and ingestion possible,None,0,2,ESTIMATED core extensions,NOT VERIFIED,VERIFICATION REQUIRED encapsulation
MUSIC,Small classroom metallophone,music bars|pitched percussion,instrument with mallet,8.00,2026-10,Tier 2,K-6,Rhythm phrase composition and sound comparison,4,5,7,9,One per team; quiet and body-percussion alternatives,Reusable,Inspect mallets and bars annually,ART-SOUND counted sleeve,Volume and sensory limits; no swinging mallets; do not share mouth instruments,None,0,3,ESTIMATED core extensions,NOT VERIFIED,VERIFICATION REQUIRED age rating
DIGITALBALANCE,Compact digital balance,digital scale|mass scale,scale,7.00,2026-10,Tier 2,3-6,Repeat mass measurements at each team,4,5,7,9,One per team,Reusable,Annual calibration and battery check,MEASURE padded sleeve,AAA or sealed rechargeable model only; no button-cell model,Manufacturer AAA or captive rechargeable; initial power included; verify,0,3,ESTIMATED core extensions,NOT VERIFIED,VERIFICATION REQUIRED battery and precision
PENCILSET,Colored pencil set,colour pencils|art pencils,set 12 colors,3.00,2026-10,Tier 2,K-6,Observational art and visual coding,4,5,7,9,One set per team; existing crayons also work,Reusable until used,Replace used pencils from reserve,ART dry bag,School-approved age-appropriate materials,None,0,6,ESTIMATED core extensions,NOT VERIFIED,VERIFICATION REQUIRED
ROBOT,Self-contained programmable floor robot,floor robot|unplugged robot,robot,100.00,2026-10,Tier 3,K-6,Execute stored sequences and debug real device,4,5,7,9,One per team; no host computer assumed,Reusable,Annual battery condition firmware and repair reserve,ROBOTS adult-controlled charging shelf,Verify captive power and no projectile attachments; supervised bounded floor grid,Manufacturer rechargeable battery; no button cells; compatibility verification required,0,3,ESTIMATED optional real-device meetings,NOT VERIFIED,VERIFICATION REQUIRED price age rating stored-program function
CHARGING,Compatible robot charging accessories,charging cables|charging hub,lot for 9 robots,40.00,2026-10,Tier 3,K-6 adult-managed,Charge enhanced robots before lessons,1,1,1,1,One lot; not nine duplicate chargers,Reusable,Manufacturer-directed replacement from reserve,ROBOTS adult-controlled shelf,Approved cables and power supply; no improvised charging; dry area,Mains only teacher-managed approved charger,0,3,ESTIMATED optional real-device meetings,NOT VERIFIED,VERIFICATION REQUIRED robot compatibility
HOST,Managed tablet or computer,iPad|Chromebook|laptop|computer|computers|tablet|tablets|compatible tablets|Compatible tablet|iPads|Chromebooks|laptops,device,250.00,2026-10,Tier 3,K-6 subject to approval,Optional legacy apps research and programming,4,5,7,9,Generic team stock; exact host compatibility and lesson turns required; excluded from budgets,Reusable,IT-managed battery security and replacement lifecycle,Actual school-approved secure cart,Name match does not verify compatibility privacy accessibility filtering consent or accounts,Manufacturer rechargeable; secure cover and approved charger,0,0,NO legacy-use count verified; optional inventory question,NOT VERIFIED,VERIFICATION REQUIRED school policy licenses and supplier
DASH,Dash-type app-controlled robot,Dash|Wonder robot|Dash robot|Dash robots,robot,200.00,2026-10,Tier 3,1-6 subject to approval,Optional legacy robotics requiring compatible host,4,5,7,9,One per team plus HOST; excluded from budgets,Reusable,Manufacturer support and repair lifecycle,Actual confirmed robot bin,No projectile attachments; controlled floor grid; compatibility test,Manufacturer rechargeable; approved charger,0,0,NO legacy-use count verified; audits required,NOT VERIFIED,VERIFICATION REQUIRED loan stock app license and host
SPHERO,Sphero-type app-controlled robot,Sphero|BOLT|Sphero robot|Sphero robots,robot,200.00,2026-10,Tier 3,2-6 subject to approval,Optional legacy sensor and robot programming,4,5,7,9,One per team plus HOST; excluded from budgets,Reusable,Manufacturer support and repair lifecycle,Actual confirmed robot bin,Keep speed low; bounded floor area; no ramps launching objects,Manufacturer rechargeable; approved charger,0,0,NO legacy-use count verified; audits required,NOT VERIFIED,VERIFICATION REQUIRED loan stock app license and host
MODULAR,Modular electronics kit,littleBits|Little Bits,kit,100.00,2026-10,Tier 3,2-6 subject to approval,Optional legacy electronics beyond AA core,4,5,7,9,One complete compatible kit per team; excluded from budgets,Reusable,Count and inspect all modules annually,Actual confirmed electronics bin,Magnetic small components adult-controlled; verify power system; not K,Manufacturer-specific supply; NOT a bare battery fallback,0,0,NO legacy-use count verified; audits required,NOT VERIFIED,VERIFICATION REQUIRED loan completeness and product safety
INPUT,USB input controller kit,Makey Makey|touch input kit,kit,50.00,2026-10,Tier 3,3-6 subject to approval,Optional legacy programmable interactive input,4,5,7,9,One per team plus HOST; excluded from budgets,Reusable,Inspect cables and host support annually,Actual confirmed electronics bin,No mains experiments or unknown conductive substances; use approved host,Approved USB host power; no battery improvisation,0,0,NO legacy-use count verified; audits required,NOT VERIFIED,VERIFICATION REQUIRED product support and school policy
PENCIL,School pencil,writing pencil|graphite pencil|pencil|pencils,pencil,0.25,2026-10,Tier 1 assumed school stock,K-6,Individual recording and observation drawings,10,15,20,25,One per student; verify existing stock before approving budget,Consumable,Normal school replacement outside conditional core budget,Actual school pencil storage,Age-appropriate point; no swinging or unsupervised sharpening,None,0,17,ESTIMATED core meetings; existing-stock assumption,NOT VERIFIED,VERIFICATION REQUIRED
SCISSOR,Blunt school scissors,safety scissors|class scissors|blunt scissors,scissors,1.50,2026-10,Tier 1 assumed school stock,K-6,Cut paper for selected core projects,10,15,20,25,One per student; pre-cut alternative; not purchased in BOM,Reusable,Normal school replacement outside conditional core budget,Actual school tool storage,Age-appropriate blunt blades; teacher pre-cuts for motor or safety needs,None,0,5,ESTIMATED core meetings; existing-stock assumption,NOT VERIFIED,VERIFICATION REQUIRED
CRAYON,Shared school crayon set,crayons|class art colors,set,2.00,2026-10,Tier 1 assumed school stock,K-6,Visual communication patterns and observations,4,5,7,9,One shared set per team; not purchased in BOM,Consumable with reuse,Normal school replenishment outside conditional core budget,Actual school art storage,School-approved nontoxic age-appropriate materials,None,0,10,ESTIMATED core meetings; existing-stock assumption,NOT VERIFIED,VERIFICATION REQUIRED
BOARD,Classroom board,whiteboard|chalkboard,board,15.00,2026-10,Tier 1 assumed school stock,K-6,Model directions vocabulary and evidence prompts,1,1,1,1,Existing class board assumed; paper demonstration alternative,Reusable,Normal school maintenance outside conditional core budget,Actual classroom,Teacher models without climbing or obstructing exit,None,0,17,ESTIMATED core meetings; existing-stock assumption,NOT VERIFIED,VERIFICATION REQUIRED
SUPPORT,Stable school support book or block,books|bridge supports,support,3.00,2026-10,Tier 1 assumed school stock,K-6,Stable equal-gap desk bridge tests,10,16,20,26,Two per conservative pair/trio kit; generic core can use fewer groups; not purchased in BOM,Reusable,School-stock replacement or paper fallback,Actual school storage,Stable low equal supports; never books as uncontrolled falling loads,None,0,4,ESTIMATED core meetings; existing-stock assumption,NOT VERIFIED,VERIFICATION REQUIRED
TEACHERTIMER,Teacher timer,clock|class timer,timer,3.00,2026-10,Tier 1 assumed school stock,K-6,Native period and fair-test timing,1,1,1,1,One class timer or clock; not purchased in BOM,Reusable,School maintenance outside conditional core budget,Actual classroom teacher location,No accessible button-cell timer; approved clock or captive safe power,None for analog clock; otherwise verified captive non-button-cell power,0,17,ESTIMATED core meetings; existing-stock assumption,NOT VERIFIED,VERIFICATION REQUIRED
CARDBOARD,Clean corrugated cardboard,cardboard|cardboard deck|cardboard base|cardboard ramp,square 20 cm,0.10,2026-10,Tier 1,K-6,Low desk models; school cardstock is the named alternative,10,16,20,26,Maximum two pieces per K budgeted kit; ramp lessons need their stated length,Consumable with dry reuse,Actual consumption logged; no donation prerequisite,STRUCTURES dry bin,School screens clean dry smooth material; no chemical or food-soiled packaging,None,0,0,Named K references; specification and actual use not verified,NOT VERIFIED,VERIFICATION REQUIRED source and dimensions; price is a planning estimate
GLUE,School glue stick,glue stick|glue sticks|school glue sticks,stick,0.50,2026-10,Tier 1,K-6,Paper art assembly; drawing-only alternatives available,5,8,10,13,One per K budgeted pair/trio kit; generic glue is not an automatic match,Consumable,Log actual consumption and check ingredients,ART closed supply bin,School-approved nontoxic material; allergy check and caps counted,None,0,0,Named reference tasks; not observed use,NOT VERIFIED,VERIFICATION REQUIRED ingredients and price estimate
PICTURE,Large observation picture cards,picture cards|nature pictures|large leaf pictures,card,0,2026-10,Tier 1 paper resource,K-6,Teacher-prepared evidence pictures assembled from separately priced PAPER or CARD,30,48,60,78,Maximum six cards per K kit; content and dimensions defined by lesson,Reusable,Replace from paper stock; teacher preparation not free,OBSERVE envelope,Large pieces; source and content verified before scientific or historical use,None,0,0,Paper resource name matches only; no procurement equivalence,NOT VERIFIED,School prepared; zero additional item purchase price excludes paper and teacher time
COMMAND,Large command cards,command cards|arrow cards|direction cards,card,0,2026-10,Tier 1 paper resource,K-6,Drawn arrow and stop commands from separately priced PAPER or INDEX,25,40,50,65,Maximum five large cards per K kit; actual rule is in each lesson,Reusable,Replace worn cards from paper stock,UNPLUGGED envelope,Large flat pieces; no body maze or tiny tokens,None,0,0,Named algorithm tasks; not software operation,NOT VERIFIED,School prepared; paper and teacher time accounted separately
GRID,Paper grid and token,paper grid|paper grids|grid|grids|paper robot,kit,0,2026-10,Tier 1 paper resource,K-6,Teacher-drawn desk grid and large pointer from paper stock,5,8,10,13,One per K budgeted pair/trio kit; command cards separate,Reusable,Replace from paper stock; no required printing,UNPLUGGED envelope,Token at least 8 cm; fixed page orientation and seated use,None,0,0,Paper model not real robot or software evidence,NOT VERIFIED,School prepared; zero additional purchase price excludes paper and teacher time
SHAPE,Large paper shapes,large circles|large squares|large stars|large paper hearts,piece,0,2026-10,Tier 1 paper resource,K-6,Teacher-precut shapes from PAPER or CARD for pattern and art,50,75,100,125,Maximum five per pupil; smaller kit allocations remain lesson-specific,Reusable or consumable,Replace from separately priced paper stock,ART envelope,At least 5 cm; adults cut; no loose glitter or sequins,None,0,0,Named shape tasks; not an art mastery count,NOT VERIFIED,School prepared; zero additional purchase price excludes paper and teacher time
WEATHER,Large weather symbol cards,weather symbols|weather cards,card,0,2026-10,Tier 1 paper resource,K-6,Drawn symbols for labeled actual or model-data records,15,24,30,39,Three per K kit; dates and observer recorded separately,Reusable,Replace from paper stock,WEATHER envelope,No Sun viewing or inference of temperature from a symbol,None,0,0,Named weather tasks; actual observations remain distinct,NOT VERIFIED,School prepared; zero additional purchase price excludes paper and teacher time
LIFECYCLE,Large life-cycle picture cards,life cycle pictures|butterfly stage cards,card,0,2026-10,Tier 1 paper resource,K-6,Four sourced biological-stage drawings per child plus teacher set,44,64,84,104,Four per pupil plus four teacher demonstration cards,Reusable,Replace from paper stock,LIFE-SCIENCE envelope,Large paper pieces; no food or live insect release; use correct stage order,None,0,0,Named model tasks; not live-observation evidence,NOT VERIFIED,School prepared; source inspection required; paper and time separate
STRIP,Paper strips,measuring strips|paper strip,strip,0,2026-10,Tier 1 paper resource,K-6,Teacher-cut strips for model parts and marked comparisons,30,48,60,78,Maximum six per K kit; exact length defined by lesson,Reusable or consumable,Replace from separately priced paper stock,MEASURE or ART envelope,Adult cutting; no body loops; marker is not a calibrated instrument,None,0,0,Named model parts; dimension verification required,NOT VERIFIED,School prepared; zero additional purchase price excludes paper and teacher time
CLEARPLASTIC,Rigid clear plastic sheet,clear plastic sheet|clear plastic,test square 10 cm,0.10,2026-10,Tier 2,K-6,Light transmission comparison,5,8,10,13,One per K budgeted kit; safe edges inspected,Reusable,Replace damaged squares,ART-LIGHT envelope,No glass or loose wrap; no Sun viewing; size and edges verified,None,0,0,Named light comparison; not a guarantee of optical performance,NOT VERIFIED,VERIFICATION REQUIRED material and edge protection; planning price estimate
TISSUE,Tissue paper,tissue squares|tissue paper squares,square 10 cm,0.02,2026-10,Tier 1,K-6,Transmission tests and purposeful light art,25,38,50,63,One per K kit plus two per pupil in weekly light unit,Consumable,Log actual issue and unused returns,ART dry envelope,Not fully transparent; school-approved paper; no ingestion,None,0,0,Named light and art tasks; not actual use count,NOT VERIFIED,VERIFICATION REQUIRED ingredients and planning price
TOWEL,Paper towel,paper towels|towel squares|paper towel squares,square 20 cm,0.02,2026-10,Tier 1,K-6,Teacher-controlled germination and contained wet cleanup,14,20,24,30,Maximum two per K total germination cup allocation; add cleanup stock as needed,Consumable,Replace after wet use; log actual consumption,WET-SCIENCE dry supply,No shared wet hand-contact item; school hygiene procedure required,None,0,0,Named wet tasks; does not replace physical hygiene check,NOT VERIFIED,VERIFICATION REQUIRED materials and planning price
CUPLID,Transparent observation cup with lid,clear cup with lid|clear cups with lids,complete cup and lid,0.30,2026-10,Tier 2,K-6 adult setup,Sealed classroom germination observation,7,10,12,15,K kit budget plus two teacher cups,Reusable after approved cleaning,Inspect and clean or replace between cohorts,WET-SCIENCE adult-controlled tray,Adult drainage and lid control; no mouthing; school allergy and mold checks,None,0,0,Named germination task; not plant outcome evidence,NOT VERIFIED,VERIFICATION REQUIRED size lid drainage and planning price
CLEARCUP,Reusable clear plastic cup,clear cup|clear cups,cup,0.20,2026-10,Tier 2,K-6,Contained indoor ice and water observations,6,9,11,14,K pair-kit budget plus one demonstration cup,Reusable after approved cleaning,Inspect and replace damaged cups,WET-SCIENCE dry bin,Room-temperature or ice water only; not drinking vessels,None,0,0,Named wet tests; no generic-cup equivalence inferred,NOT VERIFIED,VERIFICATION REQUIRED size condition and planning price
BALL,Large classroom ball,large ball|large toy ball,ball,2.00,2026-10,Tier 2,K-6,Contained ramp tests and sphere comparison,5,8,10,13,One per K budgeted ramp kit; shape lesson uses one class example,Reusable,Inspect surface and parts before use,STRUCTURES counted bin,At least 5 cm; no loose parts; no throwing or projectiles,None,0,0,Named ramp and shape tasks; not verified holdings,NOT VERIFIED,VERIFICATION REQUIRED size and finish; planning price
LID,Large circular lid,large lid,lid,0.50,2026-10,Tier 2,K-6 adult selection,Class example of flat circular form,1,1,1,1,One whole-class example; not a small bottle cap,Reusable,Inspect before use,SHAPES class pouch,At least 10 cm; smooth clean edges; no food use or Sun optics,None,0,0,Named shape model; actual condition unverified,NOT VERIFIED,VERIFICATION REQUIRED size and planning price
WATER,School-approved room-temperature water,water|room temperature water,L,0,2026-10,Tier 1 assumed school utility,K-6 adult setup,Contained observation water supplied by school facilities,2,3,4,5,Rounded stock allowance covers K water tests and small seed setup; not automatic dosing,Consumable,Adult prepares per lesson and follows disposal policy,WET-SCIENCE prepared only when needed,No tasting or hot water; spill hygiene and actual supply verification required,None,0,0,Named volume allocation; no measured school consumption,NOT VERIFIED,Existing facility assumption; zero procurement estimate excludes utility cost and staff time
ICE,Teacher-prepared ice sample,ice cube|ice cubes|ice sample,cube 20 mL,0,2026-10,Tier 1 prepared resource,K-6 adult setup,Indoor water-change observation,8,11,13,16,K kit budget plus one demonstration and two spare cubes,Prepared consumable,Prepare before lesson; freezer and adult access not assumed,Prepared in school-approved freezer then adult tray,No frozen small objects; no tasting; water hygiene and cold-contact limits,None,0,0,Named change task; not verified preparation,NOT VERIFIED,Water and facility preparation separate; no vendor or free-resource claim
SPOON,Large smooth metal spoon,large spoon|metal spoon|metal spoons,spoon,0.50,2026-10,Tier 2,K-6 supervised,Contained water-object comparison,6,9,11,14,K kit budget plus one teacher set,Reusable after school-approved cleaning,Inspect before every use,WET-SCIENCE dry bin,At least 15 cm; no sharp edges or food use; hygiene required,None,0,0,Named water test; not verified compatibility or holdings,NOT VERIFIED,VERIFICATION REQUIRED dimensions condition and planning price
TONG,Teacher-only sample tongs,teacher tongs|sample tongs,pair,3.00,2026-10,Tier 2 adult only,K-6 adult handling,Transfer the prepared ice sample without pupil handling,1,1,1,1,One teacher pair; pupil kits do not receive tongs,Reusable after school-approved cleaning,Inspect grip and clean after wet use,WET-SCIENCE teacher compartment,Adult use only; smooth ends and school hygiene checks; no food use,None,0,0,Named Winter Science teacher supply; not verified stock,NOT VERIFIED,VERIFICATION REQUIRED grip condition and planning price
MARKER,School-approved marker,marker|markers,marker,0.50,2026-10,Tier 1 assumed school stock,K-6 subject to approval,Labels diagrams and evidence records,10,15,20,25,General class stock; K wet setup uses one teacher marker,Consumable,School replenishment outside conditional purchase bill,Actual school art storage,Verify exact ink and surface compatibility; no ingestion or skin use,None,0,0,Named school tool; no physical stock or ink equivalence verified,NOT VERIFIED,VERIFICATION REQUIRED ink type ingredients surface and planning price
MEASPOON,Metric 5 mL measuring spoon,5 mL measuring spoon|metric measuring spoon,spoon,1.00,2026-10,Tier 2 adult only,K-6 adult setup,Measure the stated germination water dose,1,1,1,1,One teacher spoon; three level 5 mL doses equal 15 mL,Reusable after approved cleaning,Inspect capacity marking and cleanliness,WET-SCIENCE teacher compartment,Metric capacity verified; no tasting or food use,None,0,0,Named teacher volume setup; not observed accuracy,NOT VERIFIED,VERIFICATION REQUIRED marking material and planning price
COLLECT,Teacher water collection container,collection pitcher|water collection container|collection container,container at least 5 L,5.00,2026-10,Tier 2 adult only,K-6 adult handling,Collect the maximum 4.2 L K test water without overflow,1,1,1,1,One stable container with capacity at least 5 L; never pupil-carried,Reusable after school-approved cleaning,Inspect and clean after wet use,WET-SCIENCE adult storage,Stable clean container; adult emptying at approved sink; no carrying over pupils,None,0,0,Named cleanup capacity; actual room plan and handling unverified,NOT VERIFIED,VERIFICATION REQUIRED capacity base condition and planning price
CLOTH,Reusable surface cleanup cloth,cloth towel|cleanup cloth,cloth,1.00,2026-10,Tier 2 adult handling,K-6 adult handling,Surface spill cleanup distinct from hand hygiene,1,1,1,1,One teacher cloth; pupil paper towels and handwashing separate,Reusable with approved washing,Wash and dry or replace per school hygiene policy,WET-SCIENCE clean dry supply,Not a communal hand towel; do not reuse contaminated cloth,None,0,0,Named surface cleanup only; no hygiene-policy approval,NOT VERIFIED,VERIFICATION REQUIRED cleaning method and planning price
ICETRAY,Teacher ice-cube tray,ice cube tray|ice tray,tray at least 16 cells,2.00,2026-10,Tier 2 adult setup,K-6 adult setup,Prepare up to sixteen measured 20 mL ice samples before class,1,1,1,1,At least sixteen cells accepting 20 mL each; teacher freezer access separate,Reusable after approved cleaning,Inspect and clean before each preparation,WET-SCIENCE or school-approved freezer,Adult setup; no frozen toys or unknown food containers; facility approval required,None,0,0,Named ice preparation; not verified freezer availability,NOT VERIFIED,VERIFICATION REQUIRED cell capacity material and planning price
BIGTRAY,Large teacher science tray,germination tray|large seed tray,tray fitting 15 selected cups,6.00,2026-10,Tier 2 adult setup,K-6 adult setup,Stable storage and spill containment for all germination cups,1,1,1,1,Teacher pretests fit for fifteen actual cups and lids without stacking,Reusable after approved cleaning,Inspect stability and clean after use,WET-SCIENCE adult-managed shelf,Stable level tray; actual cup fit and room position checked; no standing water,None,0,0,Named whole-class storage; not actual school fit verification,NOT VERIFIED,VERIFICATION REQUIRED cup fit base and planning price
COUNTER,Large identical plastic test counters,large plastic counters|plastic counters|identical plastic counters,counter,0.03,2026-10,Tier 2,1-6 supervised,Same-load desk bridge comparison,100,160,200,260,Twenty per conservative pair/trio kit; cap and dimensions defined by the actual reference,Reusable,Count every issue and return; replace lost or damaged pieces,STRUCTURES counted cup,Supervised large non-choking pieces; no K loose counters or unlimited load contest,None,0,0,Exact named item type; lesson conditions and observed use remain separate,NOT VERIFIED,VERIFICATION REQUIRED dimensions uniformity and planning price
GRAPH,Prepared resource: graph paper,graph paper|squared paper,sheet,0,2026-10,Tier 1 paper resource,K-6,Teacher-drawn or printed grid for measurement and data representation,10,15,20,25,One pupil sheet per selected meeting; underlying PAPER and printing/time priced separately,Consumable,Prepare from separately priced paper stock,MEASURE envelope,Label units and scale; no unsupported numerical precision,None,0,0,Prepared representation resource not observed data,NOT VERIFIED,Zero additional item purchase; paper printing and teacher preparation are not free
ENVELOPE,Classroom evidence envelope,evidence envelope|record envelope|envelopes,envelope,0.05,2026-10,Tier 1,K-6,Store dated evidence and reusable picture cards,10,15,20,25,One per pupil when retaining personal evidence; class-kit envelopes may use fewer,Reusable until worn,Replace worn envelopes from school stock,Actual private classroom storage,No public student identifiers; keep dry and away from wet materials,None,0,0,Named evidence storage; no assumed school holdings,NOT VERIFIED,VERIFICATION REQUIRED size and planning price
PUSHSWITCH,Low-voltage classroom push switch,push switch|pushbutton switch,switch,1.00,2026-10,Tier 2,3-6 supervised,Selected protected-AA input/output circuit alternative,4,5,7,9,One per generic team; selected Snap route uses its matching manual parts instead,Reusable,Inspect connection and switch operation every use,CIRCUITS teacher-controlled tray,Matching protected low-voltage supply only; no Snap adaptation or mains wiring,Uses verified compatible PACK,0,0,Named alternative component not verified electrical equivalence,NOT VERIFIED,VERIFICATION REQUIRED rating connection protection and planning price
LEDASSEMBLY,Adult-prepared sleeved LED/resistor assembly,sleeved LED and resistor|sleeved LED and 220-ohm resistor,complete assembly,2.00,2026-10,Tier 2,5-6 qualified-adult setup,Original protected-AA alternative with the documented series path,4,5,7,9,One verified assembly per selected team; never a bare LED directly to cells,Reusable,Qualified adult inspects polarity resistor joints and sleeves before every issue,CIRCUITS teacher-controlled compartment,Specified red LED and 220-ohm 1/4-watt series resistor in the original protected 3 V path; no Snap or modular substitution,Matching protected supply; no independent cell,0,0,Named exact alternative specification; actual assembly safety not verified,NOT VERIFIED,VERIFICATION REQUIRED component ratings assembly polarity protection and planning price
BOARDMARKER,School-approved whiteboard marker,Whiteboard marker,marker,1.00,2026-10,Tier 1 assumed school stock,K-6 adult handling,Teacher models instructions on the actual compatible board,1,1,1,1,One teacher marker; general pupil art markers are a different allocation,Consumable,Replace depleted marker under school policy,Actual classroom teacher storage,Correct erasable ink and board compatibility; no skin or ingestion,None,0,0,Named compatible teacher tool; actual stock and ink unverified,NOT VERIFIED,VERIFICATION REQUIRED ink compatibility and planning price
ADULTSCISSOR,Teacher preparation scissors,Teacher scissors,pair,3.00,2026-10,Tier 1 assumed school stock,K-6 adult only,Advance cutting of paper or cardboard specified in the lesson,1,1,1,1,One teacher pair; not distributed as a pupil tool,Reusable,Inspect and store out of pupil access,Teacher-controlled tool storage,School-approved cutting tool appropriate to actual material; no unsupervised pupil cutting or improvised sharp device,None,0,0,Named adult preparation role not a promise of cutting capacity,NOT VERIFIED,VERIFICATION REQUIRED school approval condition material fit and planning price
FLOORTAPE,Removable floor-marking tape,Floor-safe tape,roll 10 m,2.50,2026-10,Tier 2,K-6 teacher setup,Temporary robot/test boundary markings on the approved surface,2,2,3,3,Planning reserve only; actual marked length is the selected lesson's issue quantity,Consumable,Record lengths used and removal after each activity,Teacher dry supply bin,School surface/removal check required; no automatic masking/painter adhesive equivalence,None,0,0,Exact removable-marking requirement documented; actual product/surface not verified,NOT VERIFIED,VERIFICATION REQUIRED adhesion removal surface and planning price
KEVA,Wooden building planks,KEVA planks|Wooden building planks,pack 20 planks,6.00,2026-10,Tier 2,1-6,Uniform plank model investigations distinct from arbitrary blocks,5,8,10,13,Conservative pair/trio stock planning; actual reference piece counts and dimensions govern,Reusable,Inspect splinters and replace broken pieces,STRUCTURES counted container,Known safe finish and uniform geometry; classroom-block fallback must be labeled and used consistently,None,0,0,Named plank material not generic-block procurement equivalence,NOT VERIFIED,VERIFICATION REQUIRED dimensions uniformity finish and planning price
OZOBOT,Matching Ozobot classroom robot,Ozobot robots|Ozobot robot,robot,150.00,2026-10,Tier 3,3-6 subject to approval,Selected verified color-code or model-compatible programmable route,2,2,2,2,Two shared robots in retained reference; actual station/turn plan and model remain required,Reusable,Manufacturer-approved charging and condition checks,Actual school-approved robot storage,Actual model/chart/calibration and chargers checked; no Bit/Evo or generic robot equivalence,Actual manufacturer captive power and matching charger only,0,0,Named real-device requirement; actual execution is separately observed,NOT VERIFIED,VERIFICATION REQUIRED model age chart compatibility and planning price
CIRCLEOBJ,Smooth plastic circle objects,Plastic circular objects,pair of differently sized objects,1.00,2026-10,Tier 2,3-4,Compare real circular lids/plates rather than oval shapes,5,8,10,13,Two differently sized objects under15cm diameter per conservative pair/trio kit,Reusable,Inspect smooth edges and circular form,SHAPES counted pouch,No sharp metal lids or eye/Sun optics; actual diameters must support the measurement tool,None,0,0,Specific circular-object requirement; not calibrated size or owned stock,NOT VERIFIED,VERIFICATION REQUIRED shape dimensions edge condition and planning price
DISPENSE,Teacher water dispensing jug,Teacher water dispensing jug,jug usable capacity at least 1 L,2.50,2026-10,Tier 2 adult handling,K-6 adult setup,Dispense the documented maximum500mL weather or100mL plant sample,1,1,1,1,One stable clean jug with500mL usable volume plusheadroom;1L planning size,Reusable after school-approved cleaning,Inspect capacity cleanliness and safe handling,WET-SCIENCE adult storage,Adult handling only; not a calibrated measuring jug or the5Lcollection container,None,0,0,Named dispensing role and minimum capacity; actual fit/hygiene unverified,NOT VERIFIED,VERIFICATION REQUIRED capacity stability material and planning price
ROCK,Teacher-inspected blunt rock samples,Blunt rock samples|Smooth stone,sample,0.50,2026-10,Tier 2,1-6 supervised,Observe or compare known safe rock properties without breaking samples,15,24,30,39,Up to three per conservative pair/trio kit; actual lesson may use fewer,Reusable,Inspect provenance edges and cleanliness before each issue,OBSERVE counted tray,No sharp obsidian acids tasting unknown collection or unsupported identification; size and mouthing needs checked,None,0,0,Named rock observation type; provenance and physical safety not inferred,NOT VERIFIED,VERIFICATION REQUIRED size provenance edges and planning price
PLASTICSPOON,Smooth plastic scoop spoon,Plastic spoon,spoon,0.20,2026-10,Tier 2,1-6 supervised,Selected paper-debris pickup or classroom model task,5,8,10,13,One per conservative pair/trio kit; actual pickup pretest in the lesson,Reusable after school-approved cleaning,Inspect condition and clean after wet use,WET-SCIENCE dry storage,Not a calibrated5mLspoon or automatically equivalent metalspoon; no food use,None,0,0,Named scoop type; dimensions/capacity and actual pickup are locally checked,NOT VERIFIED,VERIFICATION REQUIRED size condition pickup suitability and planning price
MASSLOAD,Sealed verified 10 g classroom load packet,Sealed load packet,packet 10 g,1.00,2026-10,Tier 2,5-6 supervised,Controlled bridge or lever model loading without loose weights,10,10,10,10,Stock up to10packets; selected references use4serial or10Biomimicry or1perteam with their stated caps,Reusable while permanently sealed,Recheck sealed condition and actual10gmass; replace damaged packets,MEASURE teacher-controlled counted box,Large permanently sealed loads; no loose filler or pupil opening; counters are not mass-equivalent,None,0,0,Exact required mass/containment identity; actual mass verification remains local,NOT VERIFIED,VERIFICATION REQUIRED mass uniformity containment and planning price
CALCULATOR,Basic classroom calculator,Calculator,calculator,4.00,2026-10,Tier 2,5-6,Check grade-appropriate arithmetic including decimal division,4,5,7,9,One per team when selected; actual manual/calculator pathway and evidence required,Reusable,Inspect power condition and readable display annually,MEASURE teacher-controlled storage,Verify actual school-approved battery/power design; no accessible button cells; no device-operation credit for handwritten arithmetic,Actual verified model power; no type assumed,0,0,Arithmetic support tool not an approved computing platform or owned class set,NOT VERIFIED,VERIFICATION REQUIRED operations accessibility power and planning price
FOLDER,Classroom paper folder,Classroom folder,folder,0.30,2026-10,Tier 1,5-6,Counted service kit storage and evidence communication,4,5,7,9,One per team; must fit three sheets selected ruler and return label,Reusable until worn,Replace damaged folder and retain evidence under school policy,Actual classroom private storage,No public pupil identifiers; envelope not automatically equivalent for the required contents,None,0,0,Specified kit-storage role; actual fit/stock unverified,NOT VERIFIED,VERIFICATION REQUIRED fit durability and planning price
PINWHEEL,Commercial enclosed-axle classroom pinwheel,Enclosed-axle pinwheel,pinwheel,3.00,2026-10,Tier 2,5-6 supervised,Contained rotor-model comparison without exposed pin assembly,4,5,7,9,One per team; no pupil construction with sharp axle or detachable tips,Reusable,Inspect axle enclosure and large parts before every issue,SIMPLE-MACHINES teacher-controlled bin,Commercial safe enclosed axle ends; no loose sharp pins projectiles or detachable small tips,None,0,0,Exact guarded-rotor requirement not generic craft pinwheel equivalence,NOT VERIFIED,VERIFICATION REQUIRED age enclosure parts and planning price
FAN,Guarded tabletop classroom fan,Guarded tabletop fan,fan,15.00,2026-10,Tier 3 optional adult use,5-6 adult only,Optional uniform-airflow rotor test under teacher control,1,1,1,1,One optional class fan; lowsetting with75cmrotor distance and safe cord placement,Reusable,Inspect guard stand cord and controls before use,Actual approved adult-controlled location,Stable fully guarded stand; no pupil access to blades; no mains experimentation or unsafe cord routes,Approved manufacturer power and school electrical inspection,0,0,Optional tested airflow not required baseline ownership or guaranteed access,NOT VERIFIED,VERIFICATION REQUIRED guard stability power placement and planning price
SOFTBALL,Large soft contained-test ball,Large soft ball,ball,2.50,2026-10,Tier 2,5-6 supervised,Same-object controlled ramp comparison,4,5,7,9,One per team; same soft ball at each condition; ramp at most15cmrise,Reusable,Inspect surface and containment before use,STRUCTURES counted bin,Large soft one-piece ball; no hard-ball/toy-car equivalence; no throwing or launches,None,0,0,Exact softness/test requirement; actual ball size/condition unverified,NOT VERIFIED,VERIFICATION REQUIRED size softness containment and planning price
UPPERLID,Rigid circular plastic classroom lid,Rigid circular plastic lid,lid 6-12 cm diameter,0.50,2026-10,Tier 2,5-6,Measure three flat circular examples per team,12,15,21,27,Three per group ofatmost3; diameters6-12cm withsmooth edges,Reusable,Inspect circular form and edge condition,SHAPES counted box,Not bottle caps or sharp metal; no small removable pieces or eye/Sun optics,None,0,0,Defined circular-size role not arbitrary lid procurement equivalence,NOT VERIFIED,VERIFICATION REQUIRED diameter flatness edges and planning price
SEALEDPLASTIC,Teacher sealed clear plastic display bag,Sealed clear plastic bag,bag,0.20,2026-10,Tier 2 adult use,5-6 adult display,Contained ice/reference-water demonstration,2,2,2,2,Two class display bags; actual sample volume and leakproof fit pretested,Consumable unless approved reusable container,Inspect seal and leakage before display and dispose per school policy,WET-SCIENCE adult-controlled tray,Adult handling only; no pupil bag-over-body use; no assumed capacity or drinking sample,None,0,0,Exact clear-sealed display role; actual fit and leakproofing unverified,NOT VERIFIED,VERIFICATION REQUIRED seal clarity sample fit and planning price
OPTICSCUP,Transparent plastic optics cup,Transparent plastic cup,cup capacity over 100 mL,0.30,2026-10,Tier 2,5-6 supervised,Contained100mLroom-temperature optics sample in a tray,4,5,7,9,One per team; holds100mLplusheadroom measured withteachergraduatedcup,Reusable after approved cleaning,Inspect transparency cracks and approved hygiene,WET-SCIENCE dry bin,Non-glass clear cup; transparency is not calibrated marking; no tasting or hot water,None,0,0,Exact sample-volume role; actual cup fit and clarity unverified,NOT VERIFIED,VERIFICATION REQUIRED capacity clarity condition and planning price
EARLYSUPPORT,Stable classroom support block,Stable support block,block,0.50,2026-10,Tier 1,1-2,Two low bridge supports per team for the selected10cmor15cmgap,10,16,20,26,Conservative two-per-pair-kit stock; Simple Machines alone specifies5cmheight; other dimensions unstated,Reusable,Inspect finish stability and equal heights when required,STRUCTURES counted tray,No climbing or heavy suspended loads; actual setup pretested before pupil use,None,0,0,Actual support requirements documented; no universal height or plank/book equivalence implied,NOT VERIFIED,VERIFICATION REQUIRED geometry stability finish and planning price
EARLYBOOK,Classroom book,Classroom book,book,3.00,2026-10,Tier 1 assumed school stock,1-2,Physical bookmark page test or sound-ruler securing or closed equal-height bridge support,10,16,20,26,One per trio team for page/ruler tasks; two per pair-kit for10cmbridge; dimensions/mass unstated,Reusable,Check condition and return school stock,Actual school book storage,Stable appropriate page/support and safe ruler securing pretested; no arbitrary reading-content requirement,None,0,0,Documented physical roles; no inferred mass or support geometry,NOT VERIFIED,VERIFICATION REQUIRED condition selected role or geometry and planning price
EARLYBLOCK,Broad smooth wooden classroom block,Smooth wooden block|Broad wooden test block|Broad wooden block,block,0.50,2026-10,Tier 2,1-2,Inspected observation or gentle chain/lift or equal-load model object,25,40,50,65,One specimen/team; KEVA3loads/team or bridges5maximum; chain6/team below10cm; use the selected cap,Reusable,Inspect splinters loose parts and equal size/mass when the test requires it,STRUCTURES counted tray,No body weight throwing or unlimited loads; simple-machine lift about1cm; dimensions/mass/species otherwise unstated,None,0,0,Documented role and cap differences; not calibrated mass or flat-counter equivalence,NOT VERIFIED,VERIFICATION REQUIRED size finish uniformity selected test and planning price
EARLYPOT,Plastic classroom plant pot,Plastic plant pot,pot,0.40,2026-10,Tier 2,1-2 supervised,School-managed growing observation with adult drainage and leakproof tray,6,7,9,11,One per trio team plus two teacher backups; about200mLmix/pot is not a stated pot capacity,Reusable after approved cleaning,Inspect clean or replace under school hygiene policy,WET-SCIENCE dry storage,Adult setup and allergy/mold checks; actual pot fit/headroom verified; no home-growing prerequisite,None,0,0,Documented mix allocation and backups; dimensions/polymer and rated capacity unstated,NOT VERIFIED,VERIFICATION REQUIRED fit drainage material and planning price
CUBE,Equal classroom measuring cube,Equal measuring cube,cube,0.10,2026-10,Tier 2,1-2,Consistent nonstandard-unit comparison with one unit system,80,100,140,180,Pi20equalblocksabout2cmwide/team or20identical2cmpaper squares; other references keep their stated units/counts,Reusable,Inspect uniformity finish and age-suitable size,MEASURE counted container,Do not mix block and paper units or assume other cubes are calibrated; small-part suitability checked,None,0,0,Documented Pi unit/quantity; other model dimensions remain lesson-specific,NOT VERIFIED,VERIFICATION REQUIRED size uniformity age unit system and planning price
EARLYLID,Smooth round classroom plastic lid,Smooth plastic lid|Round plastic lid,lid,0.50,2026-10,Tier 2,1-2,Two differently sized sensory examples or the specific Pi circular pair,10,16,20,26,Two per conservative kit; Piabout8and12cmacross neitherover15cm; sensory diameters unstated,Reusable,Inspect smooth clean edges and round form,SHAPES counted pouch,No sharp can lids small caps or importing Pi sizes into unrelated sensory tasks; pretest yarn/unit chain,None,0,0,Actual different-size versus approximate-Pi roles retained,NOT VERIFIED,VERIFICATION REQUIRED diameter form edges selected role and planning price
SAMPLEBOX,Rigid clear classroom sample box,Rigid clear sample box,box,1.00,2026-10,Tier 2,1-2 supervised,Keep the selected inspected sample visible and contained,5,8,10,13,One per conservative kit planning model; actual contents fit and permanent closure govern,Reusable if approved and intact,Adult inspects closure clarity and contained parts before and after,WET-SCIENCE or OBSERVE teacher-controlled storage,No pupil opening unknown samples; no ingestion or exposure credit from a closed model,None,0,0,Named clear rigid containment identity; not a generic bag or open cup equivalent,NOT VERIFIED,VERIFICATION REQUIRED contents fit closure material and planning price
SAFEMIRROR,Non-glass classroom safety mirror,Plastic safety mirror,mirror,2.00,2026-10,Tier 2,1-2,Selected low-intensity light/reflection model,5,8,10,13,One per conservative kit stock; exact optical layout in lesson governs,Reusable,Inspect backing edges and surface before use,ART-LIGHT protective pouch,Plastic non-glass smooth edges; never Sun laser eye beam or broken mirror,None,0,0,Named safe-mirror identity not guaranteed calibrated reflection behavior,NOT VERIFIED,VERIFICATION REQUIRED material edges condition and planning price
BINDERCLIP,Adult-controlled steel binder clip,Steel binder clip,clip,0.20,2026-10,Tier 2 adult setup,1-2 adult controlled,Selected contained magnetic sample or adult setup fastening,5,8,10,13,Conservative kit allocation; exact containment and teacher issue stated in reference,Reusable under adult control,Count before and after; inspect containment and replace unsafe clips,OBSERVE teacher-controlled counted container,Steel identity verified; no exposed tiny clips for pupils or automatic loose-magnetic-test substitution,None,0,0,Named steel clip identity; containment and actual safe role remain required,NOT VERIFIED,VERIFICATION REQUIRED size steel containment teacher control and planning price
EARLYSPOON,Large smooth classroom steel spoon,Large steel spoon,spoon,0.50,2026-10,Tier 2,1-2 supervised,Selected observable material/property or contained test object,5,8,10,13,One per conservative kit stock; actual reference size and role govern,Reusable after approved cleaning,Inspect smooth edges and hygiene before issue,OBSERVE counted dry tray,Not calibrated measuring spoon or food vessel; no sharp edges or mouth contact,None,0,0,Named steel object identity; actual magnetic/property result must be observed rather than assumed,NOT VERIFIED,VERIFICATION REQUIRED steel size condition selected role and planning price
EARLYMAGNET,Large fully encased classroom magnet,Large encased classroom magnet,magnet,5.00,2026-10,Tier 2,1-2 approved supervised use,Selected counted magnetic-property investigation,5,8,10,13,One per conservative kit planning model; actual age rating and teacher-approved pathway govern,Reusable only with intact enclosure,Count before and after; immediately stop missing or damaged equipment,Teacher-controlled magnet compartment,No neodymium loose high-strength or small magnets; no ingestion risk experiment; follow urgent school escalation if missing/possible ingestion,None,0,0,Named fully encased magnet identity; material strength age and real enclosure are not inferred,NOT VERIFIED,VERIFICATION REQUIRED strength enclosure age model and planning price
TEXTUREOBJ,Large clean classroom texture object,Large clean texture object,object,1.00,2026-10,Tier 1,1-2 supervised,Selected safe sensory observation with an accessible picture alternative,5,8,10,13,One per conservative kit planning model; actual teacher-inspected object and feature govern,Reusable if cleanable and intact,Inspect allergy hygiene edges and detachable parts,OBSERVE clean tray,No tasting close sniffing unknown specimens or forced sensory contact; use the named access alternative,None,0,0,Named large inspected observation object; no guessed specimen or allergen equivalence,NOT VERIFIED,VERIFICATION REQUIRED actual object size ingredients feature and planning price
FLEXRULER,Flexible smooth classroom plastic ruler,Flexible plastic ruler,ruler30cm,1.00,2026-10,Tier 2,1-2 supervised with adult pretest,Secured sound-ruler test with free lengths8cmthen14cm,4,5,7,9,One per trio team;30cmsmoothintact ruler secured underbook; thickness/stiffness unstated,Reusable,Inspect cracks securing and safe minimal pluck before issue,MEASURE teacher-controlled storage,No snapping launching sharp broken ends or peer-directed plucking; same controlled tool and safe layout,None,0,0,Documented team allocation length and free-length comparison; rigid ruler not automatic equivalent,NOT VERIFIED,VERIFICATION REQUIRED material safe flex securing and planning price
YARN,Classroom yarn for the specified nonstretch test,Cotton yarn,m,0.05,2026-10,Tier 1,1-2 supervised,Two60cmyarnlengths/team for the selected circular/model comparison,5,6,9,11,Rounded stock covers1.2mpertrio team; actual reference prohibits overlap/stretching,Reusable if clean and safe,Adult precuts and checks equal lengths and test behavior,ART-SOUND closed bag,No body/neck loops walking lines or long trailing cords; fiber/diameter unspecified despite the cotton audit label,None,0,0,Documented length and behavior; cotton content/nonstretch behavior not inferred from category,NOT VERIFIED,VERIFICATION REQUIRED actual fiber behavior equal length condition and planning price
CATCHBOX,Low stable classroom catch box,Catch box,box,1.00,2026-10,Tier 2,1-2,Contain runout after the40-50cmramp with supportsatmost10cm,5,8,10,13,One per complete ramp lane; pretest actual car capture; dimensions/material unstated,Reusable if inspected,Inspect stable base smooth edges and retained contents,STRUCTURES dry storage,No uncontained launches floor racing sharp box edges or unsafe tall stacks,None,0,0,Documented lane role and limits; actual captured movement not assumed,NOT VERIFIED,VERIFICATION REQUIRED size stability capture pretest and planning price
SHAKER,Permanently sealed teacher-prepared classroom shaker,Permanently sealed shaker,instrument,3.00,2026-10,Tier 2 adult preparation,1-2 approved teacher display,Selected two-identical-rice-shaker class demonstration with explicit clap/visible-motion alternatives,2,2,2,2,Two identical permanently sealed leak-checked shakers/class; container size/rice amount/seal method unstated,Reusable only while permanently sealed,Teacher inspects closure/leakage and contents before use; never open in class,ART-SOUND teacher-controlled bin,No loose rice/beans or pupil filling/opening; actual school containment/ingredient/age/sensory approval required; use named no-shaker alternative if unsafe,None,0,0,Documented teacher-prepared class role; no commercial-product or safe-seal assumption,NOT VERIFIED,VERIFICATION REQUIRED permanent closure contents leakage age sensory approval and planning price
TOYCAR,Classroom rolling toy car,Toy car,toy,2.00,2026-10,Tier 2,1-2 supervised,Same rolling car for both ramp heights with no-push release,4,5,7,9,One per trio team; measure stopped front position; use three supervised lanes ifnine do notfit,Reusable only with sound captive parts,Inspect wheels axles body age and contained runout before issue,STRUCTURES counted container,No detachable small parts racing launches or car/ball mass equivalence; unobserved handling is not a pass,None,0,0,Documented rolling/measurement role; model dimensions mass and manufacturer rating unstated,NOT VERIFIED,VERIFICATION REQUIRED size parts captive axles selected test and planning price
